pitcher,pitches,avgeffectvelo,avgvelo,avgspinrate,avghorzbreak,avgvertbreak
"Sims, Lucas",373,81.20214477211800,82.33378016085790,3250.5469168900800,-12.485147453083100,3.455227882037530
"Lugo, Seth",326,77.46993865030670,78.9153374233129,3243.834355828220,-12.13840490797550,17.456687116564400
"Pressly, Ryan",356,80.87415730337080,81.88061797752810,3237.174157303370,-14.345730337078700,13.480112359550600
"Hahn, Jesse",110,76.75636363636370,77.88909090909090,3162.146788990830,-15.545454545454500,15.322909090909100
"Richards, Garrett",310,76.50387096774190,78.6248387096774,3159.899022801300,-10.957161290322600,19.231741935483900
"Maples, Dillon",80,83.35250000000000,84.12250000000000,3156.9625,-13.155,14.758500000000000
"May, Dustin",252,86.64523809523810,86.50198412698410,3118.2341269841300,-12.377142857142900,6.008571428571430
"Stratton, Chris",429,80.35967365967370,80.15734265734260,3114.5477855477900,-15.645594405594400,8.502937062937060
"Venditte, Pat",10,64.18000000000000,71.48000000000000,3112.6666666666700,-15.672,-4.9560000000000000
"Stephenson, Robert",286,81.16678321678320,81.47972027972020,3054.3426573426600,-10.455104895104900,6.631468531468530
"Thornton, Trent",229,79.60655021834060,80.09868995633190,3040.6593886462900,-9.13834061135371,14.034235807860300
"Matzek, Tyler",96,80.13437500000000,80.53125000000000,3039.8854166666700,9.708750000000000,13.333750000000000
"Morton, Charlie",1494,79.95729585006690,80.33493975903620,3025.6633199464500,-16.753012048192800,9.639437751004020
"Morgan, Adam",52,77.71538461538460,78.46923076923080,2990.519230769230,9.03,6.311538461538460
"Maton, Phil",406,76.5490147783251,76.13522167487690,2986.5467980295600,-18.793596059113300,9.803645320197050
"Antone, Tejay",279,79.34193548387100,79.5720430107527,2983.935483870970,-17.680860215053800,10.537204301075300
"Espino, Paolo",454,70.55748898678420,71.10704845814980,2982.103524229080,-12.831806167400900,18.734273127753300
"Glasnow, Tyler",728,83.7973901098901,82.94656593406590,2973.4436813186800,-6.2088461538461500,17.37313186813190
"Raley, Brooks",176,77.64829545454550,78.96534090909090,2962.5,15.405,6.120681818181820
"Chatwood, Tyler",82,80.24756097560970,80.64024390243900,2932.243902439020,-11.097073170731700,11.048780487804900
"Paredes, Enoli",21,80.32380952380950,80.85238095238100,2931.904761904760,-13.794285714285700,8.94857142857143
"Baragar, Caleb",48,79.88125,79.48958333333330,2923.625,12.362500000000000,6.650000000000000
"Poteet, Cody",77,78.15064935064940,79.24805194805200,2921.6103896103900,-12.652987012987000,8.855064935064940
"Plutko, Adam",125,76.27920000000000,76.93360000000000,2918.2,-11.33664,10.203840000000000
"Valdez, Framber",1250,77.94760000000000,79.00232000000000,2917.6624,13.364160000000000,14.881152000000000
"Voth, Austin",479,77.86263048016700,78.49123173277660,2912.847280334730,-14.138956158663900,7.861377870563680
"Neverauskas, Dovydas",121,63.15702479338840,82.1413223140496,2907.391304347830,-6.298512396694210,12.706115702479300
"Johnson, Pierce",913,83.46385542168670,84.40043811610070,2906.631982475360,-11.43824753559690,4.928411829134720
"Coonrod, Sam",7,58.55714285714290,82.40000000000000,2902.0,-13.354285714285700,10.14857142857140
"Paulino, David",11,76.5909090909091,77.18181818181820,2884.7272727272700,-10.93090909090910,17.007272727272700
"Sceroler, Mac",24,77.62083333333330,78.25833333333330,2884.7083333333300,-10.13,15.330000000000000
"Burnes, Corbin",579,81.37461139896370,81.18221070811750,2880.8737024221500,-11.233989637305700,7.5796891191709800
"Holder, Jonathan",14,60.792857142857100,77.56428571428570,2880.0,-13.44857142857140,7.028571428571430
"Urías, Julio",1372,80.27943107221010,81.3654996353027,2879.315098468270,15.865364431486900,0.9625364431486880
"Hunter, Tommy",110,81.07727272727270,82.45181818181820,2868.287037037040,-12.916363636363600,5.7796363636363700
"Smith, Josh A.",112,61.86785714285720,77.56607142857150,2865.0222222222200,-16.511785714285700,7.225714285714290
"Sadler, Casey",310,79.50193548387100,80.00419354838710,2864.583870967740,-11.508774193548400,9.13316129032258
"Newcomb, Sean",148,77.67500000000000,78.9581081081081,2860.7297297297300,9.953513513513510,16.722162162162200
"Carrasco, Carlos",111,75.81171171171170,82.95225225225220,2854.7227722772300,-9.482162162162160,6.833513513513510
"Campbell, Paul",88,77.22613636363640,78.97954545454540,2854.183908045980,-11.824090909090900,10.126363636363600
"Misiewicz, Anthony",356,80.25898876404500,80.97078651685400,2852.8483146067400,11.059887640449400,7.210786516853930
"Rodríguez, Dereck",28,75.19642857142860,78.10714285714290,2851.925925925930,-8.682857142857140,16.954285714285700
"Reyes, Alex",175,79.27428571428570,80.324,2844.7714285714300,-8.660571428571430,19.63405714285710
"Alzolay, Adbert",149,69.2765100671141,80.6536912751678,2842.0703125,-11.356510067114100,1.1476510067114100
"Contreras, Roansy",5,79.2,79.9,2837.2,-5.784000000000000,16.68
"Civale, Aaron",563,75.35985790408520,76.4046181172291,2829.9376114082000,-10.538685612788600,15.71957371225580
"Hendricks, Kyle",505,70.60039603960400,72.74851485148520,2829.20281124498,-14.715089108910900,12.267326732673300
"Hernandez, Darwinzon",45,79.66444444444440,79.52222222222220,2829.2,15.429333333333300,8.000000000000000
"Wainwright, Adam",1454,72.69752407152680,73.51513067400280,2825.262612301310,-16.592022008253100,14.562255845942200
"Nance, Tommy",123,84.83983739837400,85.36747967479670,2821.6341463414600,-9.103414634146350,13.300487804878000
"Gray, Sonny",757,79.59194187582560,79.90449141347430,2821.5918097754300,-14.457701453104400,13.255482166446500
"Brubaker, JT",312,79.29391025641030,79.875641025641,2820.448717948720,-7.051538461538460,8.291153846153840
"Pruitt, Austin",23,80.1304347826087,81.3913043478261,2820.4347826087000,-6.803478260869560,10.685217391304300
"Adams, Chance",76,59.45000000000000,78.5078947368421,2819.655172413790,-16.965789473684200,7.8821052631579000
"Verlander, Justin",1,78.0,78.9,2819.0,-9.120000000000000,15.48
"Peters, Dillon",76,74.39473684210530,74.88552631578950,2816.5789473684200,9.131052631578950,12.918947368421100
"Ottavino, Adam",21,79.82857142857140,79.23333333333330,2809.3333333333300,-15.96,8.48
"Thornburg, Tyler",32,64.16875000000000,76.60625000000000,2792.037037037040,-9.93,15.292500000000000
"Turley, Nik",166,66.68795180722890,76.55602409638550,2790.72602739726,12.210361445783100,15.690361445783100
"Hill, Cam",50,75.3,78.37000000000000,2790.2708333333300,-9.136800000000000,17.860800000000000
"Musgrove, Joe",810,80.91345679012350,81.87740740740740,2789.4276885043300,-10.901777777777800,13.516148148148200
"Zuber, Tyler",60,74.00333333333330,80.15333333333330,2786.6785714285700,-12.426000000000000,10.058000000000000
"Sandoval, Patrick",190,77.39000000000000,78.3331578947368,2786.636842105260,6.440210526315790,12.742105263157900
"Yardley, Eric",211,65.32464454976300,72.97156398104260,2784.5947368421100,-15.541421800947900,-11.210616113744100
"Javier, Cristian",2,74.95,75.85,2783.0,-10.200000000000000,11.460000000000000
"Johnson, DJ",20,80.47,80.59,2781.35,-11.166,16.224000000000000
"Staumont, Josh",510,81.5086274509804,81.50686274509800,2781.225490196080,-9.62541176470588,13.381411764705900
"Abreu, Bryan",136,85.53088235294120,86.12132352941180,2781.205882352940,-7.546764705882350,9.864705882352950
"Brewer, Colten",172,72.44767441860470,80.81453488372090,2778.716129032260,-10.75325581395350,14.987441860465100
"Diaz, Jhonathan",4,73.95000000000000,74.4,2765.25,9.78,13.920000000000000
"Lindblom, Josh",111,71.05045045045050,71.65315315315320,2763.7927927927900,-15.951351351351300,13.362162162162200
"Biagini, Joe",25,75.64800000000000,76.53200000000000,2760.96,-5.3376,15.9264
"Suarez, José",387,77.040108401084,78.34599483204140,2758.8598901098900,10.049922480620200,6.705116279069770
"Roark, Tanner",161,71.69068322981370,73.06832298136650,2758.8,-11.654161490683200,15.284720496894400
"Hembree, Heath",40,81.465,81.25000000000000,2757.125,-12.741000000000000,8.424000000000000
"McHugh, Collin",30,74.14333333333340,74.30333333333330,2755.9666666666700,-13.448000000000000,13.276
"Rusin, Chris",3,77.53333333333330,78.26666666666670,2755.0,7.360000000000000,1.1600000000000000
"James, Josh",23,82.18695652173910,82.42173913043480,2746.521739130440,-5.8017391304347800,14.66608695652170
"Diplán, Marcos",131,81.67175572519080,80.97251908396950,2745.1526717557300,-7.333740458015260,7.574656488549620
"Hill, Rich",1203,70.95078969243560,71.97231920199500,2743.18038237739,19.39122194513720,12.370274314214500
"Bergen, Travis",83,75.93253012048190,80.33975903614460,2740.1392405063300,7.967710843373490,8.917590361445780
"Smith, Drew",59,77.13389830508480,77.83898305084750,2739.0677966101700,-13.88542372881360,9.48813559322034
"Gsellman, Robert",25,72.864,79.3,2733.2608695652200,-10.214400000000000,10.7856
"Taillon, Jameson",451,80.90731707317070,80.68824833702880,2732.376940133040,-10.206119733924600,12.62953436807100
"García, Yimi",252,82.29722222222220,83.48888888888890,2731.0,-10.797142857142900,2.9719047619047600
"Strasburg, Stephen",137,79.39635036496350,79.39270072992700,2729.8529411764700,-15.268029197080300,8.017226277372260
"Lakins Sr., Travis",196,79.7760204081633,80.58520408163270,2723.168367346940,-11.820612244898000,11.77163265306120
"Jax, Griffin",131,79.29236641221370,79.88854961832060,2721.3664122137400,-5.945038167938930,13.210076335877900
"McKay, David",4,76.3,76.075,2719.5,-15.810000000000000,6.720000000000000
"Marshall, Evan",257,81.57704280155640,82.31284046692610,2714.9727626459100,-8.710038910505840,9.92591439688716
"Suero, Wander",84,76.25833333333330,78.38095238095240,2714.390243902440,-10.374285714285700,11.402857142857100
"Allen, Logan",102,76.44901960784310,76.97450980392160,2712.4803921568600,9.257647058823530,13.46823529411770
"González, Gio",118,76.23389830508480,76.65000000000000,2708.2033898305100,11.94508474576270,14.38169491525420
"Rogers, Taylor",15,79.34666666666670,80.05333333333330,2706.866666666670,14.104,-0.14400000000000000
"Fulmer, Carson",111,81.87657657657660,82.0054054054054,2706.801801801800,-6.47135135135135,6.30054054054054
"Flexen, Chris",423,76.51323877068560,77.18652482269510,2705.5342789598100,-7.889645390070920,12.944397163120600
"Soria, Joakim",48,70.10833333333340,70.49583333333330,2704.6666666666700,-11.787500000000000,17.605
"Scherzer, Max",402,76.71815920398010,76.96144278606960,2701.86783042394,-13.667462686567200,8.192537313432840
"Tomlin, Josh",383,74.59347258485630,76.43942558746740,2698.262599469500,-4.355404699738900,6.3036031331592700
"Tice, Ty",26,79.51923076923080,79.91153846153850,2693.769230769230,-12.590769230769200,7.043076923076920
"Brice, Austin",240,80.51791666666670,81.78291666666670,2693.5625,-7.798000000000000,0.8610000000000000
"Smeltzer, Devin",36,66.71666666666660,73.4111111111111,2691.242424242420,13.000000000000000,11.746666666666700
"Andriese, Matt",160,79.09625000000000,80.04875000000000,2689.89375,-5.9385000000000000,13.676250000000000
"Wright, Kyle",165,80.30060606060610,82.17212121212120,2689.462962962960,-12.462545454545500,7.041454545454550
"Baz, Shane",41,82.55609756097560,82.51463414634150,2688.317073170730,-8.06341463414634,14.560975609756100
"Avila, Pedro",9,73.85555555555560,74.63333333333330,2685.3333333333300,-11.16,15.533333333333300
"Fried, Max",1062,73.82956685499060,74.46186440677960,2684.3512241054600,9.008135593220340,15.94079096045200
"Palumbo, Joe",25,79.976,80.45200000000000,2684.24,14.9376,7.848000000000000
"Arrieta, Jake",322,79.58416149068320,80.59223602484470,2683.8291925465800,-12.157267080745300,10.086708074534200
"Yamamoto, Jordan",29,68.24827586206900,74.07241379310350,2682.3333333333300,-12.720000000000000,14.238620689655200
"García, Deivi",113,74.42212389380530,75.49557522123890,2680.0535714285700,-7.336991150442480,16.68212389380530
"Fiers, Mike",127,71.10629921259840,72.5944881889764,2677.551181102360,-10.575118110236200,15.953385826771700
"Teheran, Julio",54,72.15,72.33888888888890,2676.314814814820,-12.37555555555560,4.264444444444440
"Rasmussen, Drew",67,81.03731343283580,81.14925373134330,2674.5522388059700,-5.276417910447760,11.631044776119400
"Yajure, Miguel",60,78.54000000000000,79.07833333333330,2669.9333333333300,-7.996000000000000,15.646000000000000
"Anderson, Shaun",7,82.3142857142857,82.57142857142860,2668.1428571428600,-6.514285714285710,10.577142857142900
"Loáisiga, Jonathan",305,86.40557377049180,86.08786885245900,2662.8688524590200,-11.446426229508200,-0.6633442622950820
"Kelley, Trevor",12,78.36666666666670,78.275,2662.25,-11.7,4.6
"Eickhoff, Jerad",55,74.67818181818180,75.00363636363640,2658.9454545454500,-6.857454545454550,9.229090909090910
"Luetge, Lucas",188,73.81702127659570,74.50159574468080,2657.186170212770,12.363191489361700,15.418085106383000
"Holmes, Clay",164,81.86280487804880,82.40426829268300,2656.237804878050,-7.510975609756100,13.588536585365900
"Wells, Tyler",36,78.58055555555560,78.83055555555560,2653.3888888888900,-7.323333333333330,7.866666666666670
"Turnbull, Spencer",97,79.08762886597940,79.61237113402060,2650.463917525770,-11.346804123711300,12.29938144329900
"Lockett, Walker",51,80.87254901960790,80.85098039215690,2644.5098039215700,-8.548235294117650,6.138823529411770
"Herget, Jimmy",107,72.27850467289720,74.72710280373830,2641.169811320760,-15.016822429906500,-3.838878504672900
"deGrom, Jacob",34,85.21764705882350,83.97647058823530,2640.4411764705900,-7.267058823529410,4.411764705882350
"Ponce de Leon, Daniel",172,75.09825581395350,77.55930232558140,2640.285714285710,-7.844651162790700,15.480000000000000
"Woodruff, Brandon",568,83.98855633802820,83.75246478873240,2639.2658450704200,-4.40725352112676,11.940422535211300
"Bush, Matt",12,78.25833333333330,78.91666666666670,2638.3333333333300,-11.940000000000000,10.35
"McClanahan, Shane",359,83.5259052924791,82.74289693593320,2635.891364902510,6.2162674094707500,10.31933147632310
"Wheeler, Zack",438,82.05867579908680,81.1579908675799,2632.705479452060,-10.064657534246600,11.855068493150700
"Leibrandt, Brandon",18,76.33333333333330,75.98333333333330,2632.1666666666700,9.0,10.220000000000000
"De Jong, Chase",218,76.66788990825690,77.7311926605505,2626.6284403669700,-7.89743119266055,12.166788990825700
"Bolaños, Ronald",30,79.03333333333330,78.67333333333330,2626.0333333333300,-12.220000000000000,1.508
"Heasley, Jon",67,79.25074626865670,80.03432835820890,2624.3582089552200,-5.580895522388060,12.132537313432800
"Norris, Daniel",1,74.8,76.2,2624.0,7.68,11.64
"Biddle, Jesse",59,77.9457627118644,78.1457627118644,2623.7118644067800,11.351186440678000,14.605423728813600
"Gonsolin, Tony",136,79.58602941176470,80.77647058823530,2622.0296296296300,-5.269411764705880,13.772647058823500
"Keller, Mitch",323,77.91671826625390,78.4616099071207,2616.3188854489200,-9.133374613003090,14.478390092879300
"Darvish, Yu",164,71.71768292682930,72.00975609756100,2615.4451219512200,-10.391707317073200,14.907073170731700
"Germán, Domingo",536,80.8333955223881,81.10317164179100,2613.7276119403000,-1.4444776119403000,3.87089552238806
"Seabold, Connor",2,76.5,76.75,2613.0,-11.580000000000000,7.5600000000000000
"Smith, Caleb",167,76.3239520958084,77.83592814371260,2611.590361445780,6.688383233532930,6.111377245508980
"Maeda, Kenta",100,75.693,76.401,2611.27,-9.469200000000000,11.0664
"Rodriguez, Nivaldo",58,80.59137931034480,82.77758620689650,2608.59649122807,-4.640689655172410,5.73103448275862
"Stewart, Kohl",9,68.76666666666670,77.47777777777780,2607.125,-14.746666666666700,4.786666666666670
"Cleavinger, Garrett",3,75.86666666666670,76.13333333333330,2606.6666666666700,12.48,12.880000000000000
"Sánchez, Ricardo",20,78.625,78.51500000000000,2606.65,7.218000000000000,7.23
"Guerra, Junior",278,81.02841726618710,81.1730215827338,2604.927797833940,-5.122877697841720,9.10748201438849
"Bubic, Kris",527,78.17115749525620,78.46869070208730,2604.480988593160,8.766148007590140,13.94777988614800
"Nittoli, Vinny",1,83.3,82.3,2604.0,-8.76,12.0
"Farrell, Luke",56,76.8375,77.22500000000000,2601.8571428571400,-5.230714285714290,13.639285714285700
"Bacus, Dakota",12,76.71666666666670,77.55000000000000,2601.75,-12.630000000000000,11.830000000000000
"Steele, Justin",148,77.42297297297300,79.08445945945950,2601.2758620689700,12.12081081081080,9.012972972972980
"Szapucki, Thomas",5,77.0,77.54,2599.6,9.432,12.0
"Mahle, Tyler",8,82.275,81.57500000000000,2598.875,-5.13,-0.7800000000000000
"Lowther, Zac",89,75.27640449438200,75.30786516853930,2591.258426966290,13.476404494382000,14.404044943820200
"Bailey, Brandon",20,78.095,79.00000000000000,2591.05,-4.818,4.59
"Nelson, Nick",37,79.51621621621620,79.83513513513520,2590.162162162160,-9.17513513513514,13.634594594594600
"Urquidy, José",213,76.57887323943660,77.28779342723000,2590.1032863849800,-9.264225352112670,13.910985915493000
"Blackburn, Paul",86,77.50000000000000,78.85581395348840,2588.494117647060,-7.124651162790700,14.993023255814000
"Porcello, Rick",50,74.14,74.93,2588.04,-10.104000000000000,5.152800000000000
"Erlin, Robbie",126,74.75793650793650,75.94920634920640,2586.84,7.138095238095240,15.260952380952400
"Strahm, Matt",115,78.96000000000000,82.28782608695650,2584.288288288290,5.8257391304347800,0.07095652173913050
"Zimmermann, Bruce",149,81.13557046979870,81.87114093959730,2583.8986486486500,1.1621476510067100,6.113557046979860
"Rucker, Michael",98,80.92040816326530,81.30408163265310,2582.877551020410,-15.510612244898000,8.488163265306120
"Gray, Jon",215,76.24837209302320,76.47953488372100,2580.911214953270,-10.89488372093020,8.294511627906980
"Lyles, Jordan",837,79.9884109916368,80.07025089605740,2576.805988023950,-6.664372759856630,14.597132616487500
"Kelly, Merrill",527,81.119165085389,81.2612903225806,2575.011385199240,-9.168956356736240,10.044250474383300
"Mengden, Daniel",21,72.77142857142860,72.96666666666670,2573.3333333333300,-11.702857142857100,15.21142857142860
"Patiño, Luis",66,78.45151515151510,77.76212121212120,2572.060606060610,-8.958181818181820,5.200000000000000
"Ramirez, Noé",293,76.24061433447100,76.74641638225260,2571.9863481228700,-12.464027303754300,0.45911262798634800
"Ramírez, Yefry",2,80.05,79.65,2571.5,-5.82,1.44
"Gutierrez, Vladimir",328,77.69817073170730,77.69237804878050,2570.359756097560,-14.973292682926800,7.326585365853660
"Green, Chad",583,85.447512864494,84.96363636363630,2570.0960548885100,-6.985728987993140,3.6613379073756400
"Crichton, Stefan",252,76.84444444444440,77.7218253968254,2569.637450199200,-13.030000000000000,7.062380952380950
"Mikolas, Miles",125,76.38,76.5928,2568.584,-9.574080000000000,15.234240000000000
"Heaney, Andrew",743,78.49515477792730,79.2820995962315,2565.313593539700,6.602099596231500,3.3281830417227400
"Harris, Will",104,80.65961538461540,80.48750000000000,2563.596153846150,-11.218846153846200,14.055000000000000
"Morejon, Adrian",82,79.82682926829270,80.49878048780490,2563.548780487810,13.741463414634100,6.883902439024390
"Winkler, Dan",78,82.6871794871795,82.20641025641030,2562.346153846150,-9.006153846153840,2.063076923076920
"Lynn, Lance",194,83.43350515463920,83.2396907216495,2560.9278350515500,-5.257113402061860,4.178350515463920
"Freeman, Sam",23,81.99130434782610,82.63478260869560,2559.217391304350,10.252173913043500,-2.598260869565220
"González, Chi Chi",106,80.87830188679250,81.1028301886792,2555.8207547169800,-4.514716981132080,1.914339622641510
"Anderson, Drew",61,76.49836065573770,76.92131147540980,2555.098360655740,-6.261639344262300,14.405901639344300
"Cotton, Jharel",45,75.15333333333330,76.72666666666670,2546.6222222222200,-3.3306666666666700,13.34666666666670
"Kershaw, Clayton",508,70.35078740157480,74.24960629921260,2546.059917355370,4.325669291338580,15.544015748031500
"Thompson, Keegan",222,82.12342342342340,82.45990990991000,2545.747747747750,-8.050270270270280,12.472432432432400
"Stock, Robert",3,77.56666666666670,77.8,2540.3333333333300,-10.96,10.96
"Cessa, Luis",7,79.87142857142860,80.41428571428570,2539.8571428571400,-8.46857142857143,6.582857142857140
"Triggs, Andrew",40,73.97250000000000,75.88500000000000,2537.575,-13.254000000000000,2.646
"Allgeyer, Nick",5,76.02,76.84,2533.8,6.936,13.176000000000000
"Ashby, Aaron",25,77.98800000000000,79.25600000000000,2529.0,6.864000000000000,15.278400000000000
"Abreu, Albert",4,81.225,81.5,2528.75,-7.710000000000000,13.59
"Stroman, Marcus",20,76.14,77.35,2527.15,-15.516000000000000,1.182
"Boyd, Matthew",168,72.92202380952380,73.76607142857140,2523.8928571428600,12.68142857142860,15.204285714285700
"Jefferies, Daulton",26,79.25384615384620,79.95384615384610,2520.230769230770,-5.635384615384620,2.4184615384615400
"Ryu, Hyun Jin",494,73.18906882591090,73.4087044534413,2519.755060728750,12.17198380566800,13.611012145749000
"Helsley, Ryan",85,79.01176470588240,79.6023529411765,2519.6071428571400,-3.453176470588240,11.803764705882400
"Heller, Ben",40,81.3,81.29000000000000,2513.725,-12.669,-0.04200000000000000
"Mejía, J.C.",64,79.67656250000000,80.31093750000000,2512.25,-12.976875,11.315625
"Benjamin, Wes",132,77.62348484848490,78.51742424242430,2512.1060606060600,6.945454545454550,12.244545454545500
"Wood, Hunter",22,75.58181818181820,76.65909090909090,2511.5,-8.241818181818180,15.58909090909090
"Keller, Kyle",304,81.58947368421060,81.34506578947370,2510.7598684210500,-7.128552631578950,5.848815789473690
"Rosscup, Zac",17,80.59411764705880,81.15294117647060,2510.3529411764700,11.343529411764700,5.089411764705880
"Pagán, Emilio",7,83.25714285714290,82.32857142857140,2509.8571428571400,-4.302857142857140,2.468571428571430
"Krol, Ian",33,76.5030303030303,77.79696969696970,2508.060606060610,9.06909090909091,14.247272727272700
"Kluber, Corey",398,81.79221105527640,81.94221105527640,2506.007556675060,-16.882311557788900,-0.2996984924623120
"Hoffman, Jeff",213,77.63661971830980,77.55352112676060,2505.4037558685400,-9.291267605633810,13.064225352112700
"Shafer, Justin",9,76.1888888888889,76.54444444444440,2502.3333333333300,-10.226666666666700,15.093333333333300
"Hentges, Sam",314,80.55859872611470,80.22229299363060,2502.0127388535000,7.054394904458600,14.707261146496800
"López, Reynaldo",43,76.75348837209300,76.94883720930230,2501.3255813953500,-8.614883720930230,9.533023255813960
"King, Michael",175,79.42400000000000,80.15942857142860,2501.189655172410,-11.42125714285710,0.5890285714285720
"Webb, Jacob",84,80.39761904761900,80.8761904761905,2499.6071428571400,-5.531428571428570,10.214285714285700
"Wendelken, J.B.",67,79.53880597014930,80.41791044776120,2499.4477611940300,-10.3844776119403,15.374328358209000
"Coulombe, Danny",145,76.44068965517240,78.31379310344830,2499.402777777780,6.910344827586200,16.976275862069000
"Braymer, Ben",36,75.04444444444440,76.26388888888890,2499.3888888888900,3.1800000000000000,7.643333333333330
"Loup, Aaron",98,75.68979591836740,76.54081632653060,2498.5204081632700,18.10897959183670,-0.9783673469387750
"Woodford, Jake",220,75.50363636363640,76.31045454545460,2498.123287671230,-10.175454545454500,17.16763636363640
"Mitchell, Bryan",15,83.03333333333330,82.98666666666670,2495.6,-3.8640000000000000,3.008
"Akin, Keegan",121,76.16033057851240,76.76446280991740,2494.603305785120,7.160330578512400,6.125950413223140
"Martin, Corbin",39,81.81282051282050,82.30000000000000,2493.897435897440,-9.17230769230769,5.9969230769230800
"Gant, John",140,74.74714285714290,75.02071428571430,2491.5071428571400,-6.572571428571430,14.203714285714300
"Ivey, Tyler",13,70.5076923076923,71.46153846153850,2489.153846153850,-6.563076923076920,19.163076923076900
"Lester, Jon",325,72.79753846153850,72.90861538461540,2487.944615384620,10.435200000000000,5.4240000000000000
"Kopech, Michael",39,78.75897435897440,78.71282051282050,2484.6923076923100,-9.692307692307690,7.120000000000000
"Garcia, Rico",21,82.92857142857140,83.42857142857140,2484.6190476190500,-4.3428571428571400,3.84
"Sanchez, Aaron",182,73.64395604395610,74.23571428571430,2484.5666666666700,-14.127692307692300,11.378901098901100
"Saucedo, Tayler",48,79.87083333333340,79.79166666666670,2482.5416666666700,10.097500000000000,8.7775
"Pérez, Martín",249,77.77389558232930,78.33815261044180,2481.983935742970,5.1908433734939700,5.177349397590360
"Clarke, Taylor",89,79.13595505617980,79.71011235955060,2481.0561797752800,-5.614382022471910,10.553258426966300
"Yamaguchi, Shun",12,71.00000000000000,71.25,2479.5833333333300,-12.34,10.61
"Pearson, Nate",26,76.96923076923080,76.65000000000000,2477.153846153850,-11.164615384615400,13.14461538461540
"Hall, Matt",66,74.80303030303030,75.78636363636360,2477.0,10.49090909090910,16.327272727272700
"Barlow, Scott",352,79.02272727272730,78.9582386363636,2476.931623931620,-14.420113636363600,10.457386363636400
"Ríos, Yacksel",10,78.28,78.22,2476.2,-7.932000000000000,6.432
"Harvey, Matt",348,79.01293103448270,80.12241379310340,2475.734870317000,-11.028620689655200,6.760689655172410
"Wells, Alexander",126,71.16746031746030,72.58253968253970,2475.531746031750,10.175238095238100,11.636190476190500
"López, Pablo",225,80.23466666666670,79.73866666666670,2475.4977777777800,-13.1936,5.974933333333340
"Fulmer, Michael",64,78.80468750000000,78.87031250000000,2474.921875,-14.321250000000000,6.748125000000000
"Alvarado, José",57,86.90877192982460,86.4,2473.6666666666700,3.0947368421052600,6.395789473684210
"Bielak, Brandon",135,78.39259259259260,80.04592592592590,2473.311111111110,-6.585777777777780,15.934222222222200
"Merryweather, Julian",48,79.63125000000000,79.71875000000000,2471.8125,-7.712500000000000,16.537500000000000
"Bumgarner, Madison",654,77.27354740061170,77.57935779816510,2470.5963302752300,10.391192660550500,2.566605504587160
"Medina, Adonis",20,79.14500000000000,79.90500000000000,2469.9,-16.668,-2.8980000000000000
"Kay, Anthony",165,77.049696969697,77.89030303030300,2469.1454545454500,9.71490909090909,10.082909090909100
"Alexy, A.J.",34,75.89117647058820,76.1705882352941,2468.676470588240,-9.592941176470590,17.163529411764700
"Davies, Zach",212,73.91698113207550,74.31650943396230,2463.9056603773600,-9.472641509433960,10.142264150943400
"Font, Wilmer",32,76.978125,76.53125,2463.1875,-10.245,11.13
"Lail, Brady",65,78.77230769230770,79.12923076923080,2462.892307692310,-6.365538461538460,7.984615384615380
"Kickham, Mike",85,78.77411764705880,78.42941176470590,2461.2705882352900,13.016470588235300,6.170823529411770
"Long, Sammy",250,74.11000000000000,74.85920000000000,2459.492,-0.21264,13.96368
"Magill, Matt",50,83.21600000000000,82.54800000000000,2459.38,-3.0024000000000000,4.111200000000000
"Castellani, Ryan",133,79.43308270676700,79.40751879699250,2459.3233082706800,-9.746165413533840,8.602105263157900
"Mayers, Mike",12,76.25833333333330,77.15833333333330,2459.0,-8.53,9.580000000000000
"Schreiber, John",114,78.51403508771930,77.96140350877200,2457.622807017540,-14.848421052631600,-1.3589473684210500
"Jackson, Luke",223,83.86547085201800,83.68609865470860,2456.3318385650200,-5.792286995515690,12.452017937219700
"Bednar, David",217,77.0299539170507,77.33917050691240,2454.115207373270,-9.186359447004610,12.265437788018400
"Covey, Dylan",22,80.41363636363640,80.81818181818180,2453.7727272727300,-3.567272727272730,5.994545454545450
"Frankoff, Seth",33,77.39696969696970,78.31515151515150,2452.757575757580,-8.970909090909090,13.632727272727300
"Sparkman, Glenn",5,78.54000000000000,78.36000000000000,2450.2,-9.504000000000000,12.312000000000000
"Dunn, Justin",462,79.6396103896104,79.85714285714290,2449.2819956616100,-15.81324675324680,-0.5200000000000000
"Cabrera, Génesis",345,80.52289855072470,81.01304347826090,2447.1768115942000,6.947478260869560,11.821565217391300
"Kaprielian, James",166,77.73915662650600,78.02530120481930,2445.4939759036100,-6.8031325301204800,6.278313253012050
"Oviedo, Johan",175,77.34685714285720,76.80971428571430,2444.925287356320,-10.985142857142900,7.138285714285710
"Rodriguez, Chris",122,84.00655737704920,84.59590163934430,2444.7950819672100,-8.063606557377050,11.057704918032800
"Thielbar, Caleb",278,70.23057553956830,70.74928057553960,2444.0902527075800,8.681438848920860,17.712949640287800
"Lorenzen, Michael",51,81.73921568627450,82.53529411764710,2443.7843137254900,-5.171764705882350,14.654117647058800
"Crowe, Wil",229,80.52358078602620,80.38515283842800,2441.9694323144100,-4.9865502183406100,12.802794759825300
"O'Brien, Riley",10,79.72,79.13,2441.1,-14.172000000000000,8.016000000000000
"Abbott, Cory",58,81.80172413793110,84.0189655172414,2440.7894736842100,-5.807586206896550,10.048965517241400
"Freeland, Kyle",587,80.94889267461670,80.26660988074950,2439.350936967630,5.042248722316870,8.734446337308340
"Lauer, Eric",322,76.07857142857150,78.64844720496900,2438.2076677316300,5.147701863354040,6.604844720496900
"Weems, Jordan",1,75.2,75.0,2438.0,-12.0,12.0
"Smith, Burch",127,79.00866141732280,78.83543307086610,2437.755905511810,-10.084724409448800,13.558110236220500
"Sneed, Cy",50,79.48600000000000,79.74400000000000,2436.86,-7.804800000000000,12.504000000000000
"Chacín, Jhoulys",418,80.79712918660280,81.10430622009570,2434.8301435406700,-12.349665071770300,-1.3128229665071800
"Davis, Austin",29,77.0655172413793,80.21379310344830,2434.3571428571400,8.660689655172410,2.118620689655170
"King, John",2,76.65,77.4,2433.5,5.82,9.96
"Del Pozo, Miguel",79,81.56582278481020,82.21265822784810,2432.784810126580,3.713924050632910,5.372658227848100
"Gibson, Kyle",345,79.69449275362320,79.24579710144930,2431.817391304350,-6.991652173913040,8.46469565217391
"Davidson, Tucker",41,77.91951219512200,78.30731707317070,2431.2926829268300,7.975609756097560,9.280975609756100
"Graveman, Kendall",67,80.81940298507460,80.90000000000000,2431.0746268656700,-8.854925373134330,8.09373134328358
"Gray, Josiah",304,82.8032894736842,83.75098684210530,2430.121710526320,-1.5390789473684200,3.386052631578950
"Flores Jr., Bernardo",9,73.5,72.93333333333330,2428.4444444444400,6.906666666666670,9.533333333333340
"Miller, Tyson",5,83.28,82.2,2427.6,-5.16,5.808
"Flaa, Jay",5,79.74000000000000,80.8,2425.6,-3.4320000000000000,4.656
"Ellis, Chris",60,81.03500000000000,81.15333333333340,2425.1,-3.974000000000000,8.232000000000000
"Greene, Conner",53,78.64150943396230,78.43962264150950,2422.3396226415100,-6.6520754716981100,6.523018867924530
"Muller, Kyle",140,79.57500000000000,80.4457142857143,2420.755395683450,5.904857142857140,9.769714285714290
"Kela, Keone",122,82.05737704918030,81.90409836065580,2420.409836065570,0.1327868852459020,7.9200000000000000
"Uceta, Edwin",50,79.994,79.92400000000000,2418.06,-3.1464000000000000,5.1024
"Toussaint, Touki",365,76.5978082191781,76.01013698630140,2417.6931506849300,-11.524931506849300,12.599671232876700
"Detmers, Reid",99,72.14343434343440,73.45050505050500,2416.5252525252500,12.609696969697000,14.099393939393900
"Junk, Janson",54,78.61666666666670,79.25370370370370,2415.4814814814800,-9.13777777777778,13.975555555555600
"Miley, Wade",119,74.5168067226891,74.85126050420170,2415.126050420170,10.143529411764700,9.538487394957980
"Thorpe, Lewis",46,72.41739130434780,72.20217391304350,2413.3260869565200,10.416521739130400,14.535652173913000
"Mejía, Humberto",58,77.29827586206900,77.98620689655170,2411.448275862070,-6.655862068965520,6.370344827586210
"Doolittle, Sean",78,79.6897435897436,79.7282051282051,2405.3076923076900,7.7569230769230800,-0.9676923076923080
"Lobstein, Kyle",3,79.5,80.36666666666670,2404.6666666666700,6.12,6.16
"Bundy, Dylan",314,72.50222929936310,73.70796178343950,2402.4600638977600,-8.729808917197450,13.303949044586000
"Brasier, Ryan",9,77.84444444444450,76.92222222222220,2402.3333333333300,-11.546666666666700,8.853333333333330
"Jiménez, Dany",18,79.26111111111110,80.03333333333340,2402.0555555555600,-3.86,4.506666666666670
"Alcantara, Sandy",137,82.47956204379560,83.09489051094890,2401.6788321167900,-4.846423357664230,3.8233576642335800
"Garza Jr., Ralph",152,76.10986842105260,76.7,2401.4605263157900,-16.78184210526320,-5.592631578947370
"Guerra, Javy",37,78.35135135135130,78.73513513513510,2400.5945945945900,-5.208648648648650,7.534054054054060
"Feltner, Ryan",13,75.62307692307690,75.43076923076920,2399.846153846150,-11.344615384615400,8.741538461538460
"Ramírez, Erasmo",15,80.53333333333330,80.24666666666670,2399.6666666666700,-5.848,1.4
"Hess, David",5,75.0,75.9,2399.4,-8.832,8.52
"Sulser, Cole",24,77.18750000000000,77.28750000000000,2397.875,-16.71,7.955
"Ruiz, José",383,85.12114882506530,85.4503916449086,2397.4177545691900,-2.6080417754569200,5.658798955613580
"Zimmermann, Jordan",17,79.95882352941180,80.09411764705880,2397.1176470588200,-4.927058823529410,3.275294117647060
"Dayton, Grant",278,76.34712230215830,76.28237410071940,2396.068345323740,5.349928057553960,12.479568345323700
"Giolito, Lucas",97,80.32268041237110,80.22268041237120,2395.938144329900,-6.256082474226800,10.808659793814400
"Latz, Jake",11,74.50000000000000,74.28181818181820,2393.090909090910,5.858181818181820,15.534545454545500
"Aguilar, Miguel",19,79.67894736842110,80.43684210526320,2392.5789473684200,14.216842105263200,-5.703157894736840
"Sherfy, Jimmie",2,73.2,72.6,2391.0,-9.42,6.780000000000000
"Walker, Taijuan",276,74.85072463768110,75.77644927536230,2387.532608695650,-8.289130434782610,13.336956521739100
"Tanaka, Masahiro",58,74.51551724137930,75.00862068965520,2386.603448275860,-7.228965517241380,5.215862068965520
"Cabrera, Edward",77,81.45714285714290,83.36103896103900,2385.805194805200,-6.283636363636360,6.526753246753250
"Jurado, Ariel",3,77.53333333333330,77.40000000000000,2384.3333333333300,-10.760000000000000,10.24
"Duffy, Danny",242,76.78719008264460,76.3309917355372,2383.7396694214900,7.694380165289260,14.360330578512400
"Trivino, Lou",180,77.41,77.91555555555560,2381.1117318435800,-13.117333333333300,7.806666666666670
"Greinke, Zack",605,70.25917355371900,71.0262809917355,2381.014876033060,-11.206809917355400,10.610776859504100
"Tinoco, Jesus",42,83.76190476190480,84.0095238095238,2380.904761904760,-3.1800000000000000,0.41428571428571400
"Hernández, Carlos",330,82.77484848484850,81.88666666666670,2380.269696969700,-5.6701818181818200,9.560727272727280
"Ryan, Joe",27,71.96666666666670,72.34814814814810,2376.962962962960,-12.213333333333300,10.41777777777780
"Mantiply, Joe",214,80.19859813084110,80.86074766355140,2375.617924528300,7.413644859813080,3.374018691588790
"Kremer, Dean",250,74.86120000000000,75.51560000000000,2374.364,-8.840160000000000,15.960960000000000
"Underwood Jr., Duane",368,80.95108695652170,80.84728260869570,2373.586956521740,-8.200434782608700,10.627826086956500
"Wojciechowski, Asher",181,78.40110497237570,78.13701657458560,2373.425414364640,-15.254585635359100,2.180552486187850
"Gonsalves, Stephen",23,72.40000000000000,72.32173913043480,2370.913043478260,10.591304347826100,15.626086956521700
"White, Mitch",220,81.59000000000000,81.92272727272730,2370.3,-4.7574545454545500,13.82618181818180
"Young, Alex",365,80.26794520547950,81.93424657534240,2369.198347107440,1.7996712328767100,1.5435616438356200
"Anderson, Tyler",31,72.49032258064520,72.99032258064520,2368.7419354838700,3.8593548387096800,9.665806451612900
"Ohtani, Shohei",74,74.6554054054054,74.64594594594590,2365.891891891890,-11.896216216216200,13.285945945945900
"Burrows, Beau",11,75.62727272727270,76.60909090909090,2364.909090909090,-2.901818181818180,9.34909090909091
"Sharp, Sterling",5,80.62,79.76000000000000,2360.8,-7.200000000000000,-4.056
"Avilán, Luis",16,74.2375,75.46875,2359.875,12.712500000000000,6.112500000000000
"Hand, Brad",6,74.8,76.33333333333330,2359.0,16.060000000000000,6.16
"Tarpley, Stephen",63,77.38253968253970,78.95873015873020,2358.564516129030,12.156190476190500,-2.6495238095238100
"Quantrill, Cal",102,81.70510204081630,81.34607843137260,2353.377551020410,-3.658823529411760,1.9117647058823500
"Matz, Steven",520,77.5596153846154,77.65153846153850,2352.1903846153800,13.425,9.273
"Milone, Tommy",60,73.42666666666670,73.75166666666670,2351.9333333333300,3.6400000000000000,3.904
"de Geus, Brett",174,80.92138728323700,82.32890173410410,2351.3779069767400,-9.262068965517250,11.797931034482800
"Junis, Jakob",4,76.225,77.425,2350.0,-11.76,1.1400000000000000
"Bettinger, Alec",34,74.8264705882353,74.83823529411770,2342.529411764710,-10.429411764705900,11.735294117647100
"Flaherty, Jack",16,75.85000000000000,76.05,2341.5,-12.615,12.247500000000000
"Berríos, José",1282,82.633151326053,83.03697347893910,2340.9022673964000,-14.943650546021800,3.249173166926680
"Mills, Alec",329,65.42644376899700,66.13495440729480,2339.6990881459000,-12.67003039513680,10.535197568389100
"Canning, Griffin",133,79.58195488721800,81.90451127819550,2339.1755725190800,-7.573533834586470,5.7996992481203000
"Yang, Hyeon-Jong",23,72.25217391304350,72.1,2338.913043478260,4.08,14.624347826087000
"Cueto, Johnny",251,79.99800796812750,80.51593625498010,2337.9482071713100,-3.466135458167330,0.037290836653386400
"Mears, Nick",194,79.34484536082480,78.91391752577320,2336.9329896907200,-3.9847422680412400,11.71422680412370
"Crawford, Kutter",13,76.97692307692310,77.18461538461540,2334.4615384615400,-11.233846153846200,14.787692307692300
"Moran, Brian",43,52.57441860465120,70.08604651162790,2334.0238095238100,19.903255813953500,-4.604651162790700
"Moreland, Mitch",2,72.75,73.3,2333.5,5.88,10.02
"Morgan, Eli",58,75.7603448275862,76.28103448275860,2327.6206896551700,-7.787586206896550,8.51586206896552
"Smith, Riley",145,79.59931034482760,79.74344827586210,2327.5103448275900,-6.860689655172420,10.594758620689700
"Luzardo, Jesús",739,82.35723951285520,83.66955345060890,2326.7669376693800,0.23301759133964800,-1.471826792963460
"Gibaut, Ian",4,83.425,83.05,2326.75,-12.060000000000000,-2.8500000000000000
"Nogosek, Stephen",3,76.8,77.00000000000000,2326.3333333333300,-10.120000000000000,4.88
"Grotz, Zac",42,80.31666666666670,81.71190476190480,2325.7619047619000,-8.965714285714290,0.21142857142857100
"Holland, Greg",164,77.53292682926830,77.76524390243900,2324.8536585365900,-4.688780487804880,7.903902439024390
"Goudeau, Ashton",213,76.42582159624410,76.65680751173710,2321.7652582159600,-9.371830985915500,12.03887323943660
"Watkins, Spenser",132,79.27272727272730,79.0621212121212,2321.310606060610,-0.3954545454545460,8.116363636363640
"Karinchak, James",570,82.71484794275490,83.21035087719300,2320.2293906810000,1.5431578947368400,7.934526315789470
"Castellanos, Humberto",237,73.91729957805910,76.6645569620253,2319.5782608695700,-8.970632911392410,4.190379746835440
"Foltynewicz, Mike",275,76.27007299270070,76.56678832116790,2316.1423357664200,-10.132992700729900,-0.8294890510948910
"Vasquez, Andrew",26,82.50000000000000,82.66538461538460,2313.730769230770,16.02923076923080,5.6123076923076900
"Cortes, Nestor",5,71.4,72.38,2310.4,9.864000000000000,6.672000000000000
"Weber, Ryan",181,75.57348066298350,76.8657458563536,2309.3204419889500,-17.0724861878453,6.77635359116022
"Wilson, Bryse",157,77.71273885350320,77.38343949044590,2305.515923566880,-16.832101910828000,2.4947770700637000
"Grimm, Justin",10,81.60000000000000,81.02000000000000,2304.7,-11.508,12.888000000000000
"Rodriguez, Jefry",91,81.84175824175820,80.71978021978020,2303.7912087912100,-3.8307692307692300,4.591648351648350
"Clevinger, Mike",81,79.48148148148150,78.72222222222220,2303.543209876540,-3.7274074074074100,10.968888888888900
"LeBlanc, Wade",133,72.44060150375940,73.20300751879700,2302.5714285714300,12.802105263157900,5.533533834586460
"Ober, Bailey",156,76.24038461538460,75.01923076923080,2302.0448717948700,-10.300769230769200,11.943846153846100
"Oviedo, Luis",123,75.67723577235770,75.11382113821140,2301.089430894310,-9.809756097560980,16.08487804878050
"Snell, Blake",546,79.80073260073270,79.81007326007330,2300.7302752293600,10.768791208791200,11.420659340659300
"Hale, David",137,82.99708029197080,82.35985401459860,2300.182481751830,-5.464817518248180,0.6411678832116790
"Eflin, Zach",295,78.64745762711860,78.2037288135593,2299.6271186440700,-10.83986440677970,6.264000000000000
"McRae, Alex",18,83.42222222222220,83.07222222222220,2298.6666666666700,-3.16,3.2466666666666700
"Hudson, Dakota",113,82.06194690265490,81.86814159292030,2296.4690265486700,-5.926725663716810,3.9653097345132800
"Davidson, Matt",5,67.0,67.68,2296.0,-10.416,14.28
"Weaver, Luke",87,78.19080459770120,78.77586206896550,2294.8275862069000,-3.6386206896551700,8.507586206896550
"Santiago, Héctor",1,74.9,75.8,2292.0,5.5200000000000000,7.68
"Manning, Matt",156,79.09679487179490,78.61089743589740,2291.474358974360,-8.371538461538460,11.012307692307700
"Means, John",477,77.38490566037740,78.22704402515720,2290.9621848739500,13.178616352201300,7.5610062893081800
"Dugger, Robert",185,74.15675675675680,74.92594594594600,2288.945652173910,-9.733621621621630,7.832432432432430
"Faria, Jake",90,75.04222222222220,75.77111111111110,2288.733333333330,-5.904000000000000,16.517333333333300
"Gonzales, Marco",528,75.02386363636370,75.19526515151510,2285.6742424242400,7.0456818181818200,13.051590909090900
"Lewicki, Artie",6,79.85000000000000,79.85,2285.6666666666700,-4.04,14.720000000000000
"Yarbrough, Ryan",577,69.80415944540730,71.08405545927210,2283.2834782608700,15.851438474870000,-4.873622183708840
"Morimando, Shawn",50,74.32800000000000,74.78800000000000,2282.88,6.720000000000000,12.324000000000000
"Rea, Colin",59,80.34745762711860,80.13389830508470,2282.3050847457600,-7.869152542372880,9.404745762711860
"Suter, Brent",206,77.68495145631070,77.626213592233,2282.1176470588200,7.471456310679610,3.2662135922330100
"Beasley, Jeremy",2,78.0,78.3,2280.5,-11.52,10.14
"Fedde, Erick",720,79.93513888888890,79.6825,2279.8166666666700,-13.85916666666670,1.2445000000000000
"Menez, Conner",42,78.87380952380950,80.19285714285720,2279.6341463414600,8.554285714285720,4.771428571428570
"Shaw, Bryan",103,80.97281553398060,82.05728155339810,2279.5339805825200,-6.8050485436893200,13.739417475728200
"Bassitt, Chris",258,70.39728682170540,71.03527131782940,2274.420233463040,-12.916279069767400,13.92790697674420
"Tepera, Ryan",5,80.34,80.66,2273.6,-5.832000000000000,4.08
"Garcia, Luis",256,75.78867187500000,76.04140625,2271.36328125,-6.233437500000000,11.805468750000000
"Difo, Wilmer",1,75.5,76.7,2267.0,-1.8000000000000000,-0.12
"Thompson, Zach",202,76.9960396039604,77.20099009900990,2266.539603960400,-3.7883168316831700,9.762772277227730
"Crismatt, Nabil",333,71.91051051051050,71.54054054054050,2265.321321321320,-13.617297297297300,13.800720720720700
"Peralta, Freddy",375,74.97786666666660,77.59760000000000,2261.2408963585400,-10.880960000000000,3.9481600000000000
"Cole, A.J.",23,78.47391304347830,78.24782608695650,2261.0,-5.4104347826087000,2.347826086956520
"Albers, Andrew",25,68.21200000000000,68.824,2259.52,8.2992,9.748800000000000
"Kranick, Max",79,80.27594936708860,79.67848101265820,2258.4050632911400,-7.552405063291140,4.436962025316460
"Webb, Tyler",110,74.67818181818180,74.70363636363640,2257.518181818180,4.820727272727270,6.550909090909090
"Montgomery, Jordan",792,80.0853535353535,80.10707070707070,2254.72601010101,1.0410606060606100,3.746363636363640
"Williams, Trevor",210,78.80666666666670,77.7504761904762,2254.157142857140,-9.50457142857143,3.474285714285720
"Rodón, Carlos",38,76.55,76.7421052631579,2252.815789473680,6.577894736842110,7.882105263157890
"Arihara, Kohei",17,74.0529411764706,74.10588235294120,2252.0,-10.030588235294100,11.202352941176500
"Edwards Jr., Carl",60,79.64833333333330,79.27,2249.7,-7.986,10.008000000000000
"Ryan, Kyle",45,78.52888888888890,79.62666666666670,2247.3636363636400,8.456,2.829333333333330
"Quintana, José",376,77.60984042553190,78.5281914893617,2239.967654986520,10.102659574468100,5.228297872340420
"García, Rony",26,80.62307692307690,81.21923076923080,2237.8846153846200,-7.107692307692310,1.195384615384620
"Puk, A.J.",6,83.35000000000000,82.43333333333330,2235.3333333333300,8.74,1.58
"Griffin, Foster",1,79.7,79.9,2234.0,4.800000000000000,6.24
"Gott, Trevor",55,81.64,82.3981818181818,2228.5636363636400,-11.81672727272730,9.24872727272727
"Brault, Steven",39,71.98717948717950,72.91538461538460,2225.923076923080,12.44,4.049230769230770
"Clippard, Tyler",49,74.25714285714290,74.84285714285710,2225.3673469387800,-6.159183673469390,9.083265306122450
"Hendriks, Liam",146,86.18356164383560,85.43150684931510,2222.9794520547900,-2.8339726027397300,10.118630136986300
"Senzatela, Antonio",241,78.24356846473030,78.39668049792530,2222.622406639000,-6.970456431535270,6.4326970954356800
"Happ, J.A.",44,76.72045454545460,77.25000000000000,2222.2727272727300,4.374545454545450,3.998181818181820
"Tyler, Kyle",7,77.15714285714280,76.37142857142860,2221.8571428571400,-3.0857142857142900,8.69142857142857
"Barlow, Joe",56,78.90000000000000,79.14464285714280,2219.160714285710,-1.3007142857142900,9.087857142857150
"Conley, Adam",1,83.1,82.5,2217.0,6.6000000000000000,0.8400000000000000
"Bostick, Akeem",1,73.7,73.5,2216.0,-12.96,10.08
"Nova, Iván",72,79.2138888888889,79.55416666666670,2212.777777777780,-4.515000000000000,5.288333333333330
"García, Edgar",2,82.05,81.65,2212.5,-9.600000000000000,-1.3800000000000000
"Hart, Kyle",12,72.98333333333330,73.27500000000000,2206.9166666666700,4.47,5.800000000000000
"Murphy, Patrick",202,82.95940594059400,83.12326732673270,2204.866336633660,-9.490099009900990,11.70653465346540
"Ponce, Cody",181,79.79889502762430,79.09060773480660,2201.3922651933700,-7.008397790055250,10.732375690607700
"Eibner, Brett",2,78.1,78.25,2197.0,-10.14,6.840000000000000
"Kilome, Franklyn",64,82.071875,81.634375,2195.3125,-2.5875000000000000,10.11
"Bourque, James",24,80.69583333333330,81.22500000000000,2194.4166666666700,-5.455,7.365000000000000
"Overton, Connor",13,77.83076923076920,78.67692307692310,2193.769230769230,-9.24923076923077,13.920000000000000
"Koerner, Brody",2,75.4,74.4,2192.5,-10.86,7.14
"Familia, Jeurys",1,84.6,85.0,2191.0,0.0,-0.96
"Hamels, Cole",8,75.28750000000000,75.825,2188.625,4.59,10.710000000000000
"Wacha, Michael",136,76.35441176470590,76.17205882352940,2188.426470588240,-11.448529411764700,8.683235294117650
"Ray, Robbie",5,82.44000000000000,82.84,2187.8,-0.5760000000000000,0.8640000000000000
"Garrett, Braxton",145,76.96689655172410,77.2124137931035,2187.3724137931000,7.800000000000000,11.144275862069000
"Stiever, Jonathan",13,72.63076923076920,73.75384615384620,2186.769230769230,0.7569230769230770,5.88923076923077
"Eaton, Adam",2,68.65,70.0,2182.5,5.28,11.94
"Harper, Ryne",344,71.48343023255810,71.63779069767440,2179.9650145772600,-13.532790697674400,7.391511627906980
"Megill, Tylor",46,81.26956521739130,79.88913043478260,2174.217391304350,-3.1200000000000000,8.804347826086960
"Naughton, Packy",9,73.71111111111110,74.53333333333340,2173.3333333333300,2.8533333333333300,6.0266666666666700
"Montgomery, Mike",10,76.54000000000000,76.72,2170.0,3.12,4.344000000000000
"Blewett, Scott",1,83.1,81.4,2167.0,-7.92,0.0
"Guerra, Deolis",116,77.50344827586210,76.9603448275862,2164.862068965520,-9.558620689655170,14.05241379310350
"Paddack, Chris",304,78.12796052631580,78.27105263157890,2163.0493421052600,-6.282236842105270,16.532763157894700
"McKenzie, Triston",414,80.23768115942030,79.49734299516910,2160.345410628020,-6.264347826086960,8.24608695652174
"Santos, Antonio",30,79.95666666666670,79.50000000000000,2156.7,-3.2280000000000000,5.22
"Steckenrider, Drew",184,80.02717391304340,80.42717391304350,2154.853260869570,-0.579130434782609,5.918478260869570
"Martin, Brett",221,82.48823529411760,82.49502262443440,2147.733031674210,0.4110407239819000,4.963438914027150
"Harvey, Hunter",49,82.33877551020410,83.1142857142857,2142.1632653061200,-5.880000000000000,10.204897959183700
"Kim, Kwang Hyun",236,69.21313559322030,69.85,2140.969827586210,5.754915254237290,8.83118644067797
"Fry, Jace",81,75.78024691358020,76.99135802469140,2140.41975308642,5.194074074074080,11.487407407407400
"Taylor, Josh",41,80.78536585365850,80.2560975609756,2139.9024390243900,6.377560975609760,3.63219512195122
"Mujica, José",10,81.81000000000000,80.92000000000000,2133.1,-4.296000000000000,0.4800000000000000
"Rogers, Josh",1,74.1,74.4,2132.0,5.16,3.7200000000000000
"Waguespack, Jacob",43,76.15116279069770,75.75348837209300,2131.5348837209300,-3.0279069767441900,7.264186046511630
"Parker, Blake",108,76.52870370370370,75.92685185185190,2124.490740740740,-5.367777777777780,9.978888888888890
"Ortega, Oliver",62,81.79354838709680,82.6741935483871,2117.1612903225800,-4.085806451612900,6.667741935483870
"Gaviglio, Sam",14,75.58571428571430,81.5142857142857,2115.5384615384600,-4.877142857142860,0.5142857142857140
"Knight, Dusten",44,77.20227272727270,77.67727272727270,2113.75,-1.1100000000000000,14.181818181818200
"Enns, Dietrich",7,74.95714285714290,74.98571428571430,2109.714285714290,3.942857142857140,10.14857142857140
"Smyly, Drew",1097,78.1997265268915,79.08340929808570,2109.5268915223300,-2.989936189608020,0.5967183226982680
"Baumann, Mike",11,81.3,81.25454545454550,2109.4545454545500,-4.516363636363640,13.483636363636400
"Quackenbush, Kevin",8,75.6875,76.7,2107.125,-6.0600000000000000,13.560000000000000
"Drury, Brandon",9,65.76666666666670,66.80000000000000,2103.3333333333300,-10.613333333333300,2.266666666666670
"Peterson, David",25,74.76800000000000,74.196,2101.12,7.1136,7.4880000000000000
"Barnes, Charlie",16,72.14375000000000,73.55000000000000,2100.6875,9.72,2.9925
"Lee, Dylan",14,86.20714285714290,85.55000000000000,2085.214285714290,2.8800000000000000,-4.894285714285710
"Demeritte, Travis",5,78.06000000000000,79.26,2083.2,5.784000000000000,-11.952000000000000
"Eovaldi, Nathan",726,79.14132231404960,78.79022038567490,2082.0110192837500,-9.751239669421490,9.931900826446280
"Newsome, Ljay",119,77.31932773109240,77.35882352941180,2080.714285714290,-6.019159663865550,1.6628571428571400
"Odorizzi, Jake",114,73.36315789473690,73.68771929824560,2079.1140350877200,-7.575789473684210,7.183157894736840
"Lambert, Peter",23,76.50869565217390,76.70869565217390,2074.391304347830,-5.123478260869570,14.238260869565200
"Lucchesi, Joey",254,78.74488188976380,78.41417322834650,2073.8937007874000,3.293385826771650,1.619527559055120
"Anderson, Chase",182,75.94945054945060,77.06043956043960,2073.445054945060,-6.12197802197802,14.783736263736300
"Smith, Will",158,77.32594936708860,77.78607594936710,2072.23417721519,8.651392405063290,7.522025316455700
"Axford, John",3,79.36666666666670,79.2,2069.6666666666700,-8.76,11.48
"McCarthy, Kevin",5,81.22,80.36000000000000,2066.0,-1.512,-0.8400000000000000
"Law, Derek",31,75.37419354838710,75.16129032258070,2061.7741935483900,-1.3548387096774200,10.525161290322600
"Detwiler, Ross",74,76.24324324324330,77.32972972972970,2057.9054054054100,5.352972972972970,7.282702702702700
"Kowar, Jackson",14,78.52142857142860,79.10000000000000,2055.6428571428600,-4.8428571428571400,8.014285714285720
"Irvin, Cole",90,76.65222222222220,76.89555555555560,2054.866666666670,3.8253333333333300,5.761333333333330
"Hendrix, Ryan",1,74.1,75.7,2054.0,4.200000000000000,-1.08
"Hughes, Jared",109,81.16972477064220,80.84587155963300,2049.853211009170,-13.354128440367000,-4.240733944954130
"Richards, Trevor",244,83.09426229508200,83.53401639344270,2047.1735537190100,-3.5847540983606600,-1.0421311475409800
"Banda, Anthony",86,80.53139534883720,80.94069767441860,2045.5232558139500,8.737674418604660,7.352093023255810
"Hardy, Blaine",2,76.35,77.15,2040.5,8.16,13.800000000000000
"Mattson, Isaac",12,81.24166666666670,80.86666666666670,2038.4166666666700,-2.34,4.390000000000000
"Valaika, Pat",1,57.8,60.3,2033.0,-13.440000000000000,7.68
"Margevicius, Nick",124,69.20322580645160,70.86048387096770,2031.1322314049600,9.034838709677420,11.36032258064520
"Sánchez, Aníbal",60,76.455,76.32666666666670,2027.2166666666700,-3.9920000000000000,1.862
"Rondón, Angel",8,81.625,80.3,2022.75,-4.275,-1.41
"Neidert, Nick",70,73.58285714285720,74.32428571428570,2015.1714285714300,-10.213714285714300,11.708571428571400
"Petit, Yusmeiro",187,75.71336898395720,74.80748663101610,2014.48128342246,-10.318074866310200,0.1508021390374330
"Camarena, Daniel",19,77.81052631578950,77.78947368421060,2012.1052631578900,4.136842105263160,8.60842105263158
"Manaea, Sean",585,82.617094017094,81.52769230769230,2008.7465753424700,5.175589743589750,-1.9444102564102600
"Spitzbarth, Shea",11,75.38181818181820,76.13636363636360,2001.2727272727300,-6.360000000000000,9.992727272727270
"Hartman, Ryan",3,74.93333333333330,74.96666666666670,1993.0,7.0,10.400000000000000
"Martínez, Carlos",19,77.66315789473690,78.87368421052630,1989.4736842105300,-10.307368421052600,2.1410526315789500
"Hudson, Daniel",7,74.74285714285720,74.67142857142860,1983.7142857142900,-13.542857142857100,4.8342857142857100
"Sborz, Josh",170,82.42882352941180,83.27235294117650,1980.129411764710,-8.092941176470590,12.132000000000000
"Robles, Hansel",1,73.7,73.3,1972.0,-6.48,0.36
"Solomon, Peter",47,77.56808510638300,78.36382978723400,1970.8936170212800,-2.6272340425531900,16.102978723404300
"Howard, Spencer",101,73.23564356435650,74.1811881188119,1970.44,-5.32039603960396,17.30257425742580
"Castro, Kervin",59,80.78813559322030,80.1983050847458,1964.7118644067800,-2.1498305084745800,13.338305084745800
"Anderson, Ian",697,81.18637015781930,80.53285509325680,1958.8593974175000,-1.1771018651363000,6.377044476327120
"Speier, Gabe",28,72.03928571428570,77.98928571428570,1958.0,9.282857142857150,0.2957142857142860
"Zimmer, Kyle",147,77.46462585034010,77.5965986394558,1956.9795918367300,-3.3640816326530600,13.236734693877600
"Anderson, Nick",200,83.26100000000000,83.8295,1953.925,-2.0496,-0.7884000000000000
"Buchter, Ryan",140,76.97928571428570,76.7135714285714,1939.1714285714300,16.160571428571400,0.3445714285714290
"Walker, Neil",2,70.9,71.55,1935.0,-7.02,1.08
"Oswalt, Corey",4,83.175,82.2,1934.5,-2.7600000000000000,4.4400000000000000
"Plesac, Zach",313,79.95974440894570,79.98945686900960,1933.85303514377,-1.7003194888178900,6.3423642172524000
"Holaday, Bryan",5,35.240000000000000,61.240000000000000,1930.0,-2.184,-1.8480000000000000
"Jackson, Andre",4,75.57500000000000,76.2,1929.0,-2.04,16.650000000000000
"Allard, Kolby",294,75.33367346938780,76.08673469387750,1926.799319727890,4.62,9.213061224489800
"Falter, Bailey",15,77.75333333333330,76.10666666666670,1908.2666666666700,4.6160000000000000,5.984
"García, Robel",4,65.125,67.0,1902.0,-10.05,-5.3100000000000000
"Beede, Tyler",8,79.40000000000000,79.55,1898.0,-9.12,12.36
"Houser, Adrian",458,80.23886462882100,80.16724890829690,1894.7903930131000,-5.268733624454150,13.104366812227100
"Wade, Konner",6,77.03333333333330,78.35000000000000,1868.1666666666700,-10.880000000000000,-1.04
"Ruf, Darin",21,74.26666666666670,75.21904761904760,1862.2380952381000,12.85142857142860,-10.42857142857140
"Milner, Hoby",237,78.93080168776370,78.87679324894520,1847.6118143459900,15.486582278481000,1.17620253164557
"Fleming, Josh",89,78.91460674157300,78.67640449438200,1819.8426966292100,7.539775280898880,1.9334831460674200
"Corbin, Patrick",48,64.93333333333330,64.8625,1816.2083333333300,3.4625000000000000,1.53
"Rizzo, Anthony",4,57.725000000000000,58.35,1794.5,8.25,4.62
"Eshelman, Thomas",147,76.40816326530610,76.3714285714286,1791.2789115646300,-6.3910204081632600,6.3493877551020400
"Nolin, Sean",68,73.77500000000000,74.00735294117650,1774.7941176470600,9.88235294117647,11.96294117647060
"Burns, Andy",3,73.73333333333330,74.06666666666670,1710.3333333333300,15.36,-8.8
"Duffy, Matt",5,75.42,76.66,1704.2,8.112000000000000,-12.96
"Peraza, José",13,77.46923076923080,78.73846153846160,1698.2307692307700,9.24,-5.612307692307690
"Carpenter, Matt",2,50.600000000000000,52.35,1696.0,-12.660000000000000,3.7800000000000000
"Adrianza, Ehire",1,59.8,62.1,1678.0,-9.120000000000000,-3.0
"Lin, Tzu-Wei",22,66.70909090909090,68.5909090909091,1636.6363636363600,10.396363636363600,-16.02
"Plawecki, Kevin",2,55.55,56.7,1563.0,-7.98,-5.160000000000000
"Forsythe, Logan",27,68.78148148148150,70.36296296296300,1557.2962962963000,8.542222222222220,-14.968888888888900
"Tom, Ka'ai",1,56.5,57.7,1533.0,4.32,-13.800000000000000
"Arcia, Orlando",30,55.596666666666700,57.07000000000000,1531.3333333333300,0.996,-14.596000000000000
"Schrock, Max",3,57.9,59.46666666666670,1516.3333333333300,4.0,-11.120000000000000
"Mercedes, Yermín",2,65.1,66.65,1501.0,2.7600000000000000,-4.14
"Espinal, Santiago",14,57.700000000000000,58.92857142857140,1465.0714285714300,3.222857142857140,-14.348571428571400
"Slater, Austin",2,68.05,69.65,1456.0,10.68,-3.66
"Burdi, Nick",1,86.8,86.6,1423.0,-7.4400000000000000,2.4000000000000000
"Nogowski, John",10,46.1,47.90000000000000,1397.4,8.928,1.3800000000000000
"Cabrera, Asdrúbal",1,56.5,58.3,1360.0,15.0,-8.16
"Sánchez, Yolmer",13,55.66923076923080,58.17692307692310,1357.6153846153800,1.8461538461538500,-12.341538461538500
"Mayfield, Jack",1,52.3,54.4,1333.0,-5.5200000000000000,-11.880000000000000
"Boxberger, Brad",2,76.9,78.0,1308.5,-0.7800000000000000,10.14
"Castro, Harold",1,50.2,51.6,1267.0,4.92,-13.68
"Gonzalez, Marwin",8,47.6,49.2,1217.125,-3.3450000000000000,-11.055
"Herrera, Kelvin",1,73.8,74.4,1215.0,-16.44,0.48
"Mejía, Francisco",5,42.3,44.2,1198.6,-3.192,-10.584
"Blandino, Alex",3,26.0,73.93333333333330,1131.0,8.84,-5.52
"Lopes, Tim",12,50.80833333333330,53.08333333333330,1091.5,5.800000000000000,-16.93
"Peterson, Jace",4,44.200000000000000,45.525000000000000,936.75,1.44,-13.650000000000000