pitcher,avgeffectvelo,avgvelo,avgspinrate,avghorzbreak,avgvertbreak
"Baragar, Caleb",94.05000000000000,94.35,2774.0,-12.900000000000000,-19.800000000000000
"Feyereisen, J.P.",92.3,93.5,2708.0,12.96,-21.6
"Sheffield, Jordan",92.7,93.9,2667.0,13.440000000000000,-19.200000000000000
"Rodríguez, Richard",93.75,93.5,2657.0,18.300000000000000,-17.04
"Antone, Tejay",96.3523114355231,96.10729927007300,2646.420924574210,11.252554744525500,-13.500437956204400
"Burdi, Zack",97.60833333333330,98.06666666666670,2640.9166666666700,16.96,-13.36
"Biddle, Jesse",93.57857142857140,92.9857142857143,2640.214285714290,-14.434285714285700,-10.894285714285700
"Burnes, Corbin",96.68226086956520,96.33773913043480,2632.3078260869600,11.801113043478300,-12.683895652173900
"Maples, Dillon",95.24642857142860,95.51607142857140,2603.6160714285700,11.367857142857100,-7.678928571428570
"Kennedy, Ian",93.6,93.1,2588.0,16.200000000000000,-16.800000000000000
"Bard, Daniel",97.08899082568810,97.1990825688073,2572.4036697247700,14.757798165137600,-5.646605504587160
"Samardzija, Jeff",91.36595744680850,91.05957446808510,2564.936170212770,17.165106382978700,-10.36851063829790
"Richards, Garrett",94.90632911392400,95.28987341772150,2556.5822784810100,9.686582278481010,-10.593417721519000
"Rosso, Ramón",94.13333333333330,94.5,2556.0,8.6,-12.16
"Diehl, Phillip",88.56666666666670,90.63333333333330,2552.3333333333300,-15.560000000000000,-16.720000000000000
"Green, Chad",96.03333333333330,95.78333333333340,2549.5833333333300,10.36,-18.68
"Bauer, Trevor",94.59462365591400,94.36451612903220,2548.043010752690,14.445161290322600,-15.190967741935500
"Ponce, Cody",93.75416666666670,93.11666666666670,2546.875,14.670000000000000,-15.680000000000000
"Pagán, Emilio",94.1,93.6,2490.0,11.28,-19.68
"Rogers, Trevor",94.56750000000000,94.22000000000000,2489.125,-16.986000000000000,-14.196000000000000
"Coleman, Dylan",97.1,97.6,2489.0,12.72,-16.080000000000000
"Newcomb, Sean",94.7,95.5,2489.0,-10.68,-18.240000000000000
"Romano, Jordan",99.16,97.84,2486.4,11.928,-17.82
"Campbell, Paul",76.48333333333330,92.31666666666670,2483.4,10.14,-18.12
"Lindblom, Josh",90.3,90.50666666666670,2481.2,16.184,-15.424
"Rosenthal, Trevor",98.47000000000000,98.475,2481.05,10.686,-16.962
"Hunter, Tommy",92.57746478873240,92.51126760563380,2479.2957746478900,13.402816901408500,-12.15887323943660
"Pressly, Ryan",95.35,95.20000000000000,2471.0,12.420000000000000,-10.56
"Urías, Julio",93.22592592592600,94.25925925925930,2468.8888888888900,-9.853333333333330,-15.404444444444400
"Steele, Justin",91.65357142857140,93.01173469387750,2467.295336787570,-11.757551020408200,-11.55244897959180
"Scott, Tanner",95.95945945945940,96.2324324324324,2461.162162162160,-15.171891891891900,-8.850810810810810
"Moll, Sam",90.99239130434780,93.675,2460.108695652170,-14.962173913043500,-4.982608695652170
"Bashlor, Tyler",95.41960784313720,95.07254901960790,2458.392156862750,12.044705882352900,-15.089411764705900
"Muller, Kyle",93.55714285714290,93.52857142857140,2452.8571428571400,-11.965714285714300,-14.794285714285700
"Wells, Tyler",94.35217391304350,94.9434782608696,2452.1739130434800,9.245217391304350,-20.264347826087000
"Espinal, Raynel",93.35,93.30000000000000,2449.5,16.44,-14.940000000000000
"Robles, Hansel",88.60000000000000,95.91785714285720,2446.9615384615400,16.448571428571400,-15.797142857142900
"Jones, Nate",94.99401408450710,95.7200704225352,2442.274647887320,11.576197183098600,-16.065633802816900
"Smith, Josh D.",87.91818181818180,88.37272727272730,2442.2727272727300,-17.476363636363600,-1.8763636363636400
"Roe, Chaz",91.76976744186050,91.53488372093030,2440.9767441860500,13.054883720930200,-6.521860465116280
"Snead, Kirby",92.42857142857140,93.12500000000000,2438.035714285710,-19.47,-6.458571428571430
"Chatwood, Tyler",94.96537530266340,95.03849878934630,2437.6658595641600,14.067021791767600,-11.467409200968500
"Venditte, Pat",87.875,87.275,2431.25,15.450000000000000,-9.51
"Shafer, Justin",90.33529411764710,90.19411764705880,2430.5882352941200,14.04705882352940,-12.437647058823500
"Selman, Sam",91.93333333333330,91.46666666666670,2429.3333333333300,-10.44,-16.8
"Darvish, Yu",94.4620481927711,94.39457831325300,2428.8614457831300,13.70385542168680,-12.886626506024100
"Osuna, Roberto",94.42000000000000,95.16,2425.8,9.408000000000000,-18.216
"Lamet, Dinelson",96.12575757575760,96.55,2420.5757575757600,12.748181818181800,-16.05909090909090
"Hatch, Thomas",94.40925925925930,94.42777777777780,2420.1666666666700,15.140000000000000,-12.097777777777800
"Chapman, Aroldis",101.96000000000000,100.58428571428600,2420.0714285714300,-13.069714285714300,-15.924000000000000
"Santana, Dennis",93.8099585062241,95.09273858921160,2419.570833333330,17.655684647302900,-9.237759336099590
"McGee, Jake",94.93333333333330,95.46666666666670,2418.0,-16.96,-17.440000000000000
"Benjamin, Wes",90.26666666666670,91.43333333333330,2417.3333333333300,-13.36,-18.48
"Nittoli, Vinny",94.6857142857143,93.40000000000000,2416.285714285710,11.965714285714300,-11.708571428571400
"Curtiss, John",94.5,94.06666666666670,2412.6666666666700,12.080000000000000,-17.04
"Crawford, Kutter",96.05,95.85,2412.5,10.98,-17.64
"Heuer, Codi",98.64761904761910,96.32857142857140,2409.5238095238100,16.091428571428600,-12.468571428571400
"Anderson, Shaun",94.47333333333330,93.78000000000000,2408.266666666670,9.816,-12.944000000000000
"Musgrove, Joe",92.36278026905830,92.73766816143500,2408.152466367710,10.848430493273500,-6.27982062780269
"White, Mitch",94.26000000000000,94.30000000000000,2407.1,9.108,-18.18
"Soto, Gregory",98.35779005524870,97.90430939226520,2404.927937915740,-15.37737016574590,-11.160795580110500
"Holland, Derek",92.55277361319340,92.68365817091460,2404.6831831831800,-15.762638680659700,-13.808455772113900
"May, Trevor",97.58333333333330,96.32222222222220,2403.6111111111100,11.146666666666700,-15.846666666666700
"Colina, Edwar",95.25833333333330,97.16666666666670,2400.25,14.380000000000000,-12.100000000000000
"May, Dustin",98.07511244377810,98.02983508245880,2398.403903903900,18.698770614692700,-8.01463268365817
"Hudson, Daniel",95.95,96.7,2398.0,17.64,-16.02
"Iglesias, Raisel",96.25234375000000,96.76640625000000,2397.3203125,14.822812500000000,-12.200625000000000
"Gallegos, Giovanny",92.4,93.8,2397.0,15.72,-15.420000000000000
"Yamamoto, Jordan",89.75,89.68461538461540,2394.1153846153800,9.48923076923077,-12.72
"Williams, Devin",96.81538461538460,95.86923076923080,2391.0,17.298461538461500,-14.732307692307700
"Hernández, Carlos",97.80865800865800,96.76753246753250,2390.5844155844200,10.217142857142900,-16.79116883116880
"Duffey, Tyler",92.66274509803920,92.6745098039216,2389.921568627450,15.496470588235300,-8.581176470588240
"Brogdon, Connor",95.33333333333330,94.90000000000000,2389.6666666666700,17.32,-19.6
"Gant, John",91.26060240963850,91.82819277108440,2387.806295399520,16.15315662650600,-12.61344578313250
"Oviedo, Johan",98.425,96.7,2385.75,12.870000000000000,-13.170000000000000
"Kilome, Franklyn",95.04859813084110,94.4485981308411,2384.532710280370,9.322990654205610,-15.25345794392520
"Davis, Wade",91.552,91.41400000000000,2383.6,10.965600000000000,-11.990400000000000
"Kickham, Mike",90.57777777777780,90.25555555555560,2382.0,-14.946666666666700,-7.6
"Germán, Domingo",92.76794871794870,93.67307692307690,2381.549356223180,17.15692307692310,-7.725128205128210
"Winkler, Dan",92.90266666666670,92.5093333333333,2379.32,13.7376,-11.483200000000000
"Quezada, Johan",97.2,96.7,2379.0,7.32,-13.68
"Kittredge, Andrew",95.5736526946108,95.25069860279440,2378.884231536930,15.982035928143700,-10.106826347305400
"Freeland, Kyle",92.00258823529410,91.3435294117647,2374.1623529411800,-12.974964705882400,-6.610729411764710
"Burrows, Beau",92.38888888888890,93.10555555555560,2373.277777777780,12.400000000000000,-17.460000000000000
"Farrell, Luke",90.5,90.6,2373.0,9.120000000000000,-19.920000000000000
"Ponce de Leon, Daniel",91.0,91.7,2373.0,15.48,-18.36
"Ridings, Stephen",97.44827586206900,97.22413793103450,2371.9655172413800,13.808275862069000,-16.862068965517200
"Ramirez, Yohan",64.5,96.13333333333330,2371.0,19.52,-13.400000000000000
"Schmidt, Clarke",93.28378378378380,94.0135135135135,2368.175675675680,14.977297297297300,-7.303783783783790
"Cole, Gerrit",97.94166666666670,97.66250000000000,2368.0833333333300,16.87,-14.530000000000000
"Saucedo, Tayler",93.91076923076920,93.71794871794880,2367.646153846150,-14.562461538461500,-4.888615384615390
"Megill, Trevor",98.39333333333330,97.20666666666670,2365.2,10.472000000000000,-15.336
"McGowin, Kyle",90.92086330935250,90.95467625899280,2362.9640287769800,16.119712230215800,-10.99165467625900
"Maton, Phil",93.70000000000000,92.38333333333330,2358.0,10.66,-8.440000000000000
"Patiño, Luis",95.67045454545460,94.56363636363640,2356.8863636363600,11.566363636363600,-12.870000000000000
"Lovelady, Richard",93.04500000000000,93.04666666666660,2353.0338983050800,-13.526,-7.4300000000000000
"García, Yimi",93.56767676767680,94.61919191919190,2352.2626262626300,17.12727272727270,-5.59030303030303
"Buehler, Walker",95.68953846153850,95.68646153846150,2350.606153846150,13.520123076923100,-13.669661538461500
"Lawrence, Justin",96.88965517241380,97.36748768472910,2349.3217821782200,16.506798029556700,-2.731034482758620
"Uceta, Edwin",92.34625850340130,92.7918367346939,2348.7755102040800,12.379591836734700,-16.36408163265310
"Gray, Sonny",92.86819196428570,92.59464285714290,2346.866890380310,13.088303571428600,-9.825803571428570
"Hartlieb, Geoff",93.91541501976290,93.80000000000000,2345.01581027668,14.849169960474300,-6.43873517786561
"Brewer, Colten",94.95,94.67500000000000,2345.0,12.300000000000000,-9.75
"Ray, Robbie",93.564,93.594,2343.82,-14.635200000000000,-14.313600000000000
"Loáisiga, Jonathan",98.26661951909480,97.98528995756720,2343.636492220650,15.509193776520500,-11.876265912305500
"Lorenzen, Michael",93.91276595744680,95.76489361702130,2339.7096774193500,15.682978723404300,-12.463404255319100
"Merryweather, Julian",98.0,97.2,2339.0,15.72,-15.420000000000000
"Kremer, Dean",92.9775,93.30000000000000,2336.95,12.498000000000000,-17.361
"Alcantara, Sandy",96.53934571175950,97.29902740937220,2336.916887709990,17.218143236074300,-7.559151193633950
"Gerber, Joey",93.51704545454540,93.475,2335.1477272727300,13.722272727272700,-15.379090909090900
"Hand, Brad",91.30995670995670,92.65238095238100,2334.852813852810,-17.567272727272700,-9.12675324675325
"Stripling, Ross",90.90000000000000,91.60000000000000,2334.0,11.28,-19.04
"Widener, Taylor",94.65,94.375,2332.0,12.72,-17.04
"Guduan, Reymin",92.94285714285720,93.65714285714290,2331.0,-9.428571428571430,-15.874285714285700
"Valdez, Phillips",92.4942386831276,92.44218106995890,2328.40329218107,18.626419753086400,-4.07037037037037
"Avila, Pedro",92.22000000000000,92.23000000000000,2326.2,10.080000000000000,-14.868000000000000
"Greene, Conner",95.48070175438600,95.69298245614040,2325.1754385964900,15.562105263157900,-14.541052631578900
"Bundy, Dylan",89.75073746312690,90.658407079646,2322.7544378698200,12.45628318584070,-16.231858407079600
"Raley, Brooks",89.6420512820513,90.66769230769230,2321.348717948720,-15.875076923076900,-6.6824615384615400
"Osich, Josh",90.75344827586210,92.89310344827590,2317.6315789473700,-12.817241379310300,-6.862758620689660
"Dayton, Grant",90.22941176470590,90.32352941176470,2316.9411764705900,-12.769411764705900,-18.592941176470600
"Vólquez, Edinson",94.86,94.25777777777780,2315.177777777780,16.501333333333300,-11.469333333333300
"Mears, Nick",94.0,94.0,2315.0,8.28,-16.68
"Pivetta, Nick",94.36666666666670,94.36666666666670,2315.0,12.2,-18.080000000000000
"Woodruff, Brandon",96.44303904923600,96.23955857385400,2313.1982978723400,13.897385398981300,-12.98057724957560
"Peralta, Freddy",94.22333333333330,92.80666666666670,2312.0666666666700,14.084000000000000,-13.688000000000000
"Cishek, Steve",92.04519368723100,90.23878702397750,2309.98273381295,16.721466854725000,-5.12716502115656
"Bielak, Brandon",91.88787878787880,93.19848484848480,2309.568181818180,13.54454545454550,-10.997272727272700
"Strahm, Matt",91.7422413793103,93.1741379310345,2308.3217391304300,-18.128275862069000,-9.318620689655170
"Gutierrez, Vladimir",92.7,92.90000000000000,2307.6666666666700,16.44,-20.04
"Nance, Tommy",95.54648648648650,95.41243243243240,2306.9027027027000,15.472216216216200,-7.705297297297300
"Morgan, Adam",90.26916666666670,92.0283333333333,2306.529411764710,-17.094000000000000,-8.160000000000000
"Krol, Ian",92.81000000000000,93.89200000000000,2305.98,-14.428800000000000,-13.476000000000000
"Crouse, Hans",90.4,92.81750000000000,2304.975,14.880000000000000,-14.277000000000000
"Taillon, Jameson",94.94402985074630,94.17462686567160,2304.0149253731300,13.205373134328400,-14.709850746268700
"Gallen, Zac",93.47,93.24000000000000,2303.8,10.644000000000000,-17.748000000000000
"Erlin, Robbie",90.02500000000000,90.25,2303.0,-12.330000000000000,-15.78
"Abreu, Bryan",93.17333333333340,93.44666666666670,2302.2,10.280000000000000,-17.024000000000000
"Montas, Frankie",94.940395256917,96.05146245059290,2302.1788553259100,15.013849802371500,-13.898276679841900
"Strop, Pedro",92.17500000000000,91.97857142857140,2301.5714285714300,11.400000000000000,-12.527142857142900
"Guerra, Deolis",91.11489361702130,90.8117021276596,2301.47311827957,16.297021276595700,-13.819148936170200
"Reyes, Alex",96.06583333333330,96.90944444444450,2301.2284122562700,12.256666666666700,-15.014333333333300
"Miller, Tyson",94.68,93.72,2300.8,15.696000000000000,-9.120000000000000
"Thornton, Trent",92.3153846153846,92.06923076923080,2300.6923076923100,12.046153846153800,-9.904615384615380
"Jansen, Kenley",93.76638477801270,93.35856236786470,2300.122621564480,6.8722198731501000,-18.8230021141649
"Castro, Miguel",98.35301204819280,98.02423025435070,2299.6626506024100,18.031485943775100,-7.128514056224900
"Smith, Josh A.",90.18906250000000,90.0734375,2299.25,13.99875,-11.973750000000000
"Madero, Luís",92.36666666666670,91.86666666666670,2299.1666666666700,15.7,-9.94
"Elledge, Seth",93.56423841059610,93.59602649006620,2296.4701986755000,12.074304635761600,-15.280927152317900
"Heasley, Jon",92.97142857142860,93.7,2295.6428571428600,12.745714285714300,-16.15714285714290
"Tomlin, Josh",86.5,87.8,2295.3333333333300,13.400000000000000,-17.440000000000000
"Rusin, Chris",85.86000000000000,86.67600000000000,2293.64,-12.739200000000000,-6.984
"Hernandez, Darwinzon",96.06666666666670,95.2,2293.3333333333300,-12.560000000000000,-12.600000000000000
"Sadler, Casey",91.27709090909090,92.97454545454550,2290.992619926200,16.659927272727300,-9.43941818181818
"Watson, Tony",88.55183673469390,91.30204081632650,2288.225941422590,-17.461224489795900,-8.381387755102040
"Civale, Aaron",91.47619047619050,91.77802197802200,2287.025641025640,13.309010989011000,-12.13340659340660
"Stroman, Marcus",91.64512510785160,91.94805867126840,2284.4201898188100,9.779637618636760,-4.215841242450390
"Marshall, Evan",92.1020202020202,93.10808080808080,2283.686868686870,16.953939393939400,-7.963636363636370
"Lail, Brady",86.6290322580645,89.91774193548390,2282.95,14.361290322580600,-13.3141935483871
"Soria, Joakim",93.37500000000000,93.25,2280.0,12.99,-16.53
"Wilson, Justin",93.8,94.48000000000000,2280.0,-11.472000000000000,-18.000000000000000
"Brasier, Ryan",96.16875,95.15625,2279.6875,15.48,-12.8325
"Núñez, Darien",93.98333333333330,94.36666666666670,2278.8333333333300,-10.440000000000000,-16.46
"Brubaker, JT",92.97947368421050,93.51986842105270,2278.2407894736800,15.751105263157900,-10.378736842105300
"King, Michael",93.19634760705290,93.52443324937020,2277.5465994962200,17.13279596977330,-8.354659949622170
"Hall, Matt",88.75,88.68333333333330,2276.0,-8.560000000000000,-12.58
"Boyd, Matthew",89.58461538461540,90.81868131868130,2275.8444444444400,-16.268571428571400,-10.991208791208800
"Faria, Jake",92.9,93.2,2273.0,9.48,-19.800000000000000
"Triggs, Andrew",85.79861111111110,88.24444444444440,2272.9295774647900,15.38,-2.333333333333330
"Borucki, Ryan",94.45659340659340,95.04010989010990,2272.279005524860,-17.354175824175800,-10.379010989011000
"Bailey, Homer",93.8,93.9,2272.0,13.920000000000000,-15.120000000000000
"Norwood, James",96.90434782608700,96.82608695652170,2271.695652173910,14.441739130434800,-13.596521739130400
"Brentz, Jake",89.31666666666670,97.05,2270.0833333333300,-15.280000000000000,-13.750000000000000
"Foster, Matt",92.8,93.3,2269.0,15.120000000000000,-16.56
"Mengden, Daniel",91.26666666666670,90.96666666666670,2267.3333333333300,14.04,-17.840000000000000
"Ramos, AJ",91.175,91.88333333333330,2266.75,10.6,-14.780000000000000
"Williams, Taylor",93.16851851851850,93.78333333333330,2265.4444444444400,16.262222222222200,-2.335555555555560
"Lockett, Walker",93.27066666666670,93.24666666666660,2265.2933333333300,14.604800000000000,-7.336
"Lugo, Seth",93.04984227129340,93.26246056782330,2264.302839116720,15.927444794952700,-11.88454258675080
"Zimmermann, Jordan",89.0442307692308,89.32692307692310,2264.2115384615400,12.807692307692300,-8.104615384615390
"Lynn, Lance",92.41335978835980,92.27195767195770,2263.79575596817,13.084920634920600,-6.610000000000000
"Young, Alex",87.70392749244710,89.8335347432024,2263.4601226993900,-14.453655589123900,-7.172447129909370
"Luzardo, Jesús",92.27816793893130,95.2021374045802,2262.9937984496100,-16.7157251908397,-11.731236641221400
"Turnbull, Spencer",93.52991913746630,94.86334231805930,2262.879781420770,16.18123989218330,-6.657250673854450
"Singer, Brady",94.23221052631580,93.5824736842105,2261.6819378620300,13.431410526315800,-12.987536842105300
"Bacus, Dakota",89.63246753246750,90.68311688311690,2261.4935064935100,11.579220779220800,-4.877922077922080
"Dolis, Rafael",94.179969183359,94.72434514637910,2260.5701078582400,14.440123266563900,-14.247642526964600
"Gearrin, Cory",90.56363636363640,91.17272727272730,2259.2727272727300,19.243636363636400,-3.992727272727270
"Gustave, Jandel",96.07559523809520,96.69345238095240,2258.5535714285700,15.745714285714300,-8.215000000000000
"Smith, Riley",92.98868458274400,93.00707213578500,2255.5671852899600,13.738387553041000,-10.000735502121600
"Anderson, Tyler",88.40117647058820,89.12794117647050,2255.185294117650,-17.49141176470590,-8.551411764705880
"Herget, Jimmy",88.46017699115050,90.70088495575220,2254.8230088495600,17.604955752212400,-3.221946902654870
"Adon, Joan",97.0,97.2,2254.0,14.76,-15.48
"Ottavino, Adam",95.43362068965520,94.19590517241380,2253.489224137930,15.093103448275900,-6.9232758620689600
"Payamps, Joel",93.05029940119760,94.25029940119760,2253.144578313250,15.839281437125700,-10.702994011976000
"Tepera, Ryan",93.46990740740740,93.65046296296290,2252.296296296300,15.08722222222220,-12.862222222222200
"Gott, Trevor",95.8,96.3,2252.0,14.340000000000000,-13.080000000000000
"Bender, Anthony",95.8353174603175,96.8355158730159,2250.3968253968300,15.738095238095200,-2.494285714285710
"González, Chi Chi",90.10797101449280,91.12608695652170,2250.284671532850,10.730434782608700,-7.616521739130440
"Fulmer, Carson",91.42,92.04000000000000,2250.2,12.768,-12.792000000000000
"Rodriguez, Jefry",95.6115789473684,94.41368421052630,2249.294736842110,14.10568421052630,-12.50147368421050
"Garza, Justin",94.23240000000000,94.838,2248.652,7.704960000000000,-16.369920000000000
"Wright, Kyle",93.54154302670620,93.84599406528190,2248.0178571428600,14.946943620178000,-8.923798219584570
"Waddell, Brandon",92.65238095238100,92.7809523809524,2246.0476190476200,-12.160000000000000,-10.485714285714300
"Kelly, Merrill",91.12222222222220,91.65383141762450,2245.8153846153800,15.367126436781600,-8.807586206896550
"Weigel, Patrick",93.9125,93.76250000000000,2244.875,20.055,-3.7650000000000000
"Hahn, Jesse",95.06863636363640,94.80500000000000,2244.6863636363600,16.52290909090910,-10.967454545454500
"Phelps, David",92.43921568627450,93.82647058823530,2243.1666666666700,15.821176470588200,-12.223529411764700
"Chargois, JT",96.12034383954160,96.39656160458450,2243.0945558739300,18.067048710601700,-8.472550143266470
"Cabrera, Génesis",95.6964980544747,97.66186770428010,2242.624505928850,-13.006692607003900,-14.901011673151800
"Treinen, Blake",95.24992076069730,97.19936608557850,2242.221690590110,17.92316957210780,-5.922789223454830
"Sanmartin, Reiver",89.21388888888890,88.9972222222222,2241.6388888888900,-17.460000000000000,-5.6033333333333300
"Hill, Rich",83.76206896551720,84.94597701149430,2240.139534883720,-17.04827586206900,-7.90896551724138
"Anderson, Nick",95.6,95.5,2240.0,12.120000000000000,-18.06
"Neris, Héctor",93.44111111111110,94.76555555555560,2239.921348314610,16.709333333333300,-10.266666666666700
"Cisnero, José",95.89016949152540,96.2664406779661,2239.271186440680,16.2911186440678,-9.749694915254240
"Clippard, Tyler",88.53841463414640,88.73536585365850,2238.7804878048800,12.110487804878100,-16.147317073170700
"Morejon, Adrian",96.00000000000000,96.05714285714290,2237.904761904760,-16.365714285714300,-11.857142857142900
"Strickland, Hunter",91.49056603773580,93.79433962264150,2236.173076923080,13.184150943396200,-8.929811320754720
"Vincent, Nick",89.03000000000000,89.37500000000000,2233.6,13.452,-13.542000000000000
"Hanhold, Eric",94.30769230769230,94.74615384615390,2231.769230769230,15.110769230769200,-10.753846153846200
"Yacabonis, Jimmy",92.10000000000000,92.87352941176470,2229.4117647058800,17.940000000000000,-10.81058823529410
"Brothers, Rex",95.25,96.1,2229.0,-12.78,-16.740000000000000
"Effross, Scott",90.02873563218390,90.67586206896550,2228.183908045980,17.92689655172410,2.855172413793100
"Hernández, Jonathan",90.07735042735040,97.74957264957260,2227.50643776824,17.866153846153800,-8.563589743589750
"Graveman, Kendall",96.33103864734300,96.19637681159420,2227.458937198070,16.307971014492800,-10.656376811594200
"Staumont, Josh",97.64750957854410,96.91762452107280,2226.76245210728,9.534712643678160,-16.106666666666700
"Mikolas, Miles",93.01234567901230,92.84876543209880,2226.3333333333300,12.988148148148200,-11.420000000000000
"Medina, Adonis",91.61142857142860,92.54571428571430,2226.1428571428600,15.072000000000000,-8.808
"Dickson, Brandon",93.00000000000000,91.50909090909090,2224.909090909090,12.970909090909100,-11.487272727272700
"Crick, Kyle",91.47692307692310,91.72307692307690,2223.230769230770,15.636923076923100,-7.421538461538460
"Alzolay, Adbert",93.94046052631590,93.9001644736842,2221.7960526315800,15.058815789473700,-12.082697368421100
"Wainwright, Adam",89.62809278350510,89.14269759450170,2219.036973344800,12.593092783505200,-12.055360824742300
"Dermody, Matt",94.65000000000000,94.32500000000000,2219.0,-11.130000000000000,-14.28
"Fletcher, Aaron",91.90852713178300,92.58837209302330,2216.1007751938000,-17.84558139534880,-6.447441860465120
"Sandlin, Nick",94.18488888888890,94.45377777777780,2214.34375,16.537066666666700,-3.6976000000000000
"Barlow, Joe",93.74285714285720,94.2,2214.285714285710,9.874285714285710,-18.03428571428570
"Thompson, Mason",96.97558139534880,96.20290697674420,2213.8837209302300,14.76976744186050,-10.159534883720900
"Holmes, Clay",95.55029940119760,96.02949101796410,2213.8260869565200,15.249880239521000,-5.853053892215570
"Peña, Félix",93.91490384615390,94.32115384615390,2211.528846153850,16.350576923076900,-11.930192307692300
"Maeda, Kenta",89.6684523809524,90.3297619047619,2210.845238095240,15.770714285714300,-8.802857142857150
"Kelley, Trevor",90.44523809523810,90.21666666666670,2210.714285714290,18.59714285714290,-8.01142857142857
"Cortes, Nestor",89.89814814814820,90.24444444444450,2210.703703703700,-11.835555555555600,-14.54666666666670
"Sale, Chris",91.35555555555560,91.35555555555560,2209.5185185185200,-18.666666666666700,-1.92
"Brach, Brad",90.67142857142860,91.43142857142860,2208.9857142857100,11.355428571428600,-13.522285714285700
"Familia, Jeurys",95.45776942355890,96.43822055137850,2208.7779171894600,16.51353383458650,-3.8184962406015000
"Thompson, Zach",92.35368421052630,92.08000000000000,2208.694736842110,11.554105263157900,-7.110315789473680
"Alcala, Jorge",96.12758620689660,97.20517241379310,2208.310344827590,16.367586206896600,-10.913793103448300
"Hoyt, James",90.10253164556960,90.22531645569620,2207.9493670886100,16.719493670886100,-10.20151898734180
"Mantiply, Joe",89.2875862068965,91.03965517241380,2206.880701754390,-18.373241379310300,-5.216689655172410
"González, Victor",93.9146825396825,94.53928571428570,2205.7808764940200,-17.95738095238100,-7.049047619047620
"Johnson, Pierce",95.31111111111110,96.33333333333330,2205.1111111111100,11.346666666666700,-16.446666666666700
"Taylor, Josh",95.25254237288140,94.43305084745760,2204.1271186440700,-13.305762711864400,-11.636949152542400
"Miller, Justin",93.18103448275870,93.05689655172410,2203.6206896551700,12.835862068965500,-12.66620689655170
"Moreta, Dauri",94.45,94.75,2203.5,10.26,-16.92
"Velasquez, Vince",92.88380952380960,92.35714285714290,2202.5904761904800,12.617142857142900,-12.954285714285700
"Wheeler, Zack",97.98300970873780,96.67949029126210,2202.0788834951500,15.226601941747600,-11.657475728155300
"Santana, Edgar",92.99820512820520,94.2882051282051,2201.9871794871800,15.319384615384600,-6.229538461538460
"Bolaños, Ronald",95.36862745098040,94.75882352941170,2201.7843137254900,13.312941176470600,-10.33647058823530
"Teheran, Julio",87.88408163265300,88.98530612244900,2201.5537190082600,16.017795918367300,-4.891591836734690
"Valdez, Framber",91.93319776309100,92.87890188103710,2201.097349643220,-12.927788510422000,-5.23186578546009
"Chacín, Jhoulys",91.78407821229050,92.66256983240230,2200.199438202250,12.84,-9.636536312849160
"Wendelken, J.B.",92.95477707006370,93.30509554140120,2199.7579617834400,16.3887898089172,-7.450700636942670
"Sánchez, Ricardo",91.85,91.75,2199.5,-16.44,-10.14
"O'Day, Darren",86.13913043478260,85.63478260869570,2199.086956521740,15.326086956521700,1.288695652173910
"Allard, Kolby",92.175,92.4875,2198.5,-13.29,-16.440000000000000
"Okert, Steven",91.72631578947370,92.05263157894740,2198.157894736840,-16.840000000000000,-9.24842105263158
"Tinoco, Jesus",93.02626262626270,93.63434343434350,2197.59595959596,15.803636363636400,-8.680000000000000
"Crowe, Wil",92.89636963696370,92.63432343234320,2196.993399339930,11.772277227722800,-12.67405940594060
"Chirinos, Yonny",92.77676767676770,93.23939393939400,2196.020202020200,16.75636363636360,-10.621818181818200
"Loup, Aaron",91.61953488372090,92.37813953488370,2195.4534161490700,-19.593488372093000,-3.981023255813950
"Montero, Rafael",94.94478114478120,95.02053872053870,2195.1784511784500,15.615353535353500,-8.712323232323230
"Castellani, Ryan",89.55789473684210,88.7421052631579,2194.1052631578900,14.34315789473680,-7.0610526315789500
"Leone, Dominic",94.76666666666670,94.64666666666670,2193.9333333333300,13.088000000000000,-10.984000000000000
"Matz, Steven",94.64484412470020,94.47104316546760,2193.7828434313100,-15.000935251798600,-12.368273381295000
"Carrasco, Carlos",92.65562913907280,92.43973509933780,2193.3046357615900,15.586490066225200,-7.1658278145695400
"Zeuch, T.J.",93.21535433070870,93.06732283464570,2193.1299212598400,16.214645669291300,-8.488818897637800
"Kuhnel, Joel",96.7090909090909,95.29090909090910,2193.090909090910,15.130909090909100,-8.89090909090909
"Floro, Dylan",93.35485074626870,93.6453358208955,2193.065543071160,16.755223880597000,-9.773507462686560
"Rea, Colin",90.5078947368421,92.33947368421060,2191.2702702702700,13.367368421052600,-11.093684210526300
"Alexander, Scott",92.10252808988760,92.58117977528090,2189.7549295774600,-14.228426966292100,-4.878539325842700
"Fry, Jace",88.34506172839510,89.85987654320990,2189.703703703700,-13.61407407407410,-5.75851851851852
"Wittgren, Nick",93.0,93.3,2189.0,16.68,-20.16
"Guerra, Junior",92.90569948186530,93.25544041450780,2187.112847222220,13.65471502590670,-14.460103626943000
"Morimando, Shawn",90.56842105263160,90.75263157894740,2186.7368421052600,-16.307368421052600,-11.898947368421100
"Font, Wilmer",94.86666666666670,94.25166666666670,2186.45,13.234,-15.110000000000000
"Lucchesi, Joey",89.98461538461540,90.763523573201,2185.6582914572900,-14.122779156327500,-13.660645161290300
"Keller, Brad",92.81827586206900,93.38252873563220,2184.8177623990800,10.571172413793100,-9.324137931034490
"Lyles, Jordan",92.5691803278688,91.65213114754100,2182.8098360655700,13.442360655737700,-12.41154098360660
"Toussaint, Touki",93.6874109263658,92.69382422802850,2181.657957244660,14.229263657957200,-7.008171021377670
"Mejía, Humberto",91.33295454545460,91.86363636363640,2180.5454545454500,14.326363636363600,-13.748181818181800
"Milone, Tommy",85.62941176470590,86.07647058823530,2180.235294117650,-11.08235294117650,-18.40941176470590
"Hale, David",92.74615384615390,92.28615384615380,2178.0615384615400,15.441230769230800,-11.304
"Stammen, Craig",92.9208428246014,92.28223234624140,2177.498861047840,13.501776765375900,-12.203097949886100
"Coulombe, Danny",89.34,90.14571428571430,2176.4857142857100,-12.013714285714300,-10.830857142857100
"Montgomery, Jordan",92.61395646606910,92.41446862996160,2176.4801536491700,-15.239846350832300,-12.414238156210000
"González, Gio",88.43488372093020,89.30697674418600,2175.6470588235300,-14.282790697674400,-10.519534883720900
"García, Luis",98.0775132275132,97.96137566137560,2174.074074074070,14.30349206349210,-9.893650793650790
"Tice, Ty",95.4,95.3,2174.0,12.120000000000000,-15.120000000000000
"Manoah, Alek",93.2447154471545,92.8455284552845,2173.9085365853700,14.099268292682900,-9.545365853658540
"Romo, Sergio",85.54738219895290,85.46020942408380,2173.259162303670,18.6634554973822,-4.148481675392670
"Givens, Mychal",89.8,89.7,2173.0,15.120000000000000,-0.24
"Martin, Brett",93.0158878504673,93.22398753894080,2168.3644859813100,-15.373457943925200,-11.010467289719600
"Hearn, Taylor",90.80109289617490,93.80792349726770,2167.7342465753400,-14.877049180327900,-10.871147540983600
"Mills, Alec",88.51593554162940,89.35828111011640,2166.954095409540,16.19011638316920,-7.50456580125336
"Fiers, Mike",86.76441717791410,87.80674846625770,2166.8957055214700,15.250306748466300,-13.73300613496930
"Peralta, Wandy",90.22109704641350,94.7924050632911,2166.6052631578900,-16.25822784810130,-10.122025316455700
"Barría, Jaime",92.22851239669420,92.54338842975210,2166.376033057850,12.071404958677700,-15.150743801652900
"Hutchison, Drew",90.75,91.3,2166.0,12.78,-11.880000000000000
"Zerpa, Angel",91.91111111111110,93.46666666666670,2166.0,-13.346666666666700,-9.81333333333333
"Duffy, Danny",93.87304687500000,92.81601562500000,2165.234375,-12.444843750000000,-15.352968750000000
"Fernández, Junior",97.66459330143540,97.06889952153110,2164.1387559808600,11.15081339712920,-14.111196172248800
"Cahill, Trevor",89.84000000000000,90.10774193548390,2163.31935483871,16.81393548387100,-7.881677419354840
"Cousins, Jake",95.81100000000010,95.47300000000000,2162.859296482410,15.297,-10.680600000000000
"Cimber, Adam",85.55425000000000,86.92450000000000,2162.103274559190,12.501900000000000,8.595900000000000
"Law, Derek",94.02000000000000,93.71333333333330,2162.0666666666700,15.032,-13.112
"Marte, Jose",97.76086956521740,96.66304347826090,2160.195652173910,13.52869565217390,-5.332173913043480
"Axford, John",94.95333333333330,94.50666666666670,2160.0,14.408000000000000,-11.944000000000000
"Brennan, Brandon",90.3614285714286,92.8528571428571,2157.9565217391300,17.68457142857140,-5.2131428571428600
"Kolarek, Adam",89.41943734015340,89.07774936061380,2156.9462915601000,-17.57984654731460,2.1296163682864500
"Cessa, Luis",92.49378881987580,93.23167701863350,2156.807453416150,13.685217391304300,-12.767701863354000
"Greinke, Zack",89.05133333333330,89.53666666666670,2156.673333333330,12.9896,-11.096800000000000
"Meisinger, Ryan",92.1695652173913,91.21304347826090,2156.304347826090,11.746956521739100,-14.19652173913040
"Tropeano, Nick",88.87346938775510,89.91632653061230,2156.2448979591800,16.14367346938780,-11.231020408163300
"Mella, Keury",94.9765625,94.42343750000000,2156.046875,17.064375000000000,-8.595000000000000
"McClain, Reggie",92.72987012987010,93.34415584415590,2155.714285714290,17.437402597402600,-6.302337662337660
"Abreu, Albert",98.04858490566040,97.96132075471700,2155.1745283018900,15.334528301886800,-13.270188679245300
"Cody, Kyle",91.73333333333330,94.65937500000000,2153.536842105260,14.29,-14.192500000000000
"Ynoa, Huascar",95.76307692307690,96.42769230769230,2151.5538461538500,12.954461538461500,-15.784615384615400
"Álvarez, José",89.09114688128780,91.25935613682090,2150.6363636363600,-16.905754527163000,-10.013843058350100
"Bruihl, Justin",91.05757575757580,90.44545454545460,2150.181818181820,-13.520000000000000,-4.847272727272730
"Ureña, José",93.5613003095975,94.07409700722390,2149.8694300518100,15.866377708978300,-7.153808049535610
"Cueto, Johnny",89.24176904176910,91.40319410319410,2149.85536159601,16.74103194103190,-9.597346437346440
"Peters, Dillon",90.53918918918920,90.69864864864870,2149.0135135135100,-11.696756756756800,-13.410810810810800
"Guzman, Jorge",94.7,95.76666666666670,2148.3333333333300,12.080000000000000,-17.08
"Díaz, Edwin",98.46,97.30000000000000,2148.2,17.832,-13.368000000000000
"Martin, Chris",94.60845588235290,94.4680147058824,2147.9448529411800,10.983529411764700,-14.094264705882300
"Gonzales, Marco",88.46370757180160,88.34210182767620,2147.7122302158300,-10.967624020887700,-17.377989556135800
"McRae, Alex",92.5888888888889,92.20555555555560,2146.222222222220,15.446666666666700,-10.706666666666700
"Biagini, Joe",92.74126984126980,93.24444444444450,2146.2063492063500,11.640000000000000,-16.104761904761900
"Porcello, Rick",89.6322195704057,90.0606205250597,2146.09307875895,15.734319809069200,-10.290787589498800
"Barlow, Scott",96.6,96.10000000000000,2145.75,14.880000000000000,-12.93
"Pop, Zach",94.6815705128205,95.41778846153850,2145.1561996779400,16.022884615384600,-7.119038461538460
"Abad, Fernando",91.47446808510640,92.35602836879430,2144.503546099290,-13.185531914893600,-12.923404255319100
"Dunn, Justin",91.12500000000000,91.05000000000000,2144.25,15.825000000000000,-11.325
"Morton, Charlie",94.32448071216620,94.39881305637980,2143.0118870728100,17.567537091988100,-6.123026706231460
"Herrera, Kelvin",94.09444444444450,94.0888888888889,2140.222222222220,11.553333333333300,-11.306666666666700
"Fulmer, Michael",94.78548387096780,94.68024193548390,2139.751012145750,14.10193548387100,-12.170806451612900
"Schreiber, John",91.16363636363640,90.45454545454550,2139.0454545454500,12.060000000000000,-1.4018181818181800
"Martinez, Seth",90.52000000000000,89.46000000000000,2136.2,15.384,-5.016
"Garcia, Bryan",93.54079173838210,94.15800344234080,2135.958691910500,11.62822719449230,-14.553046471600700
"Sborz, Josh",71.25,95.475,2135.6666666666700,13.395000000000000,-14.07
"Knight, Dusten",90.625,90.775,2135.5,6.48,-19.08
"Harvey, Matt",91.94449244060480,92.92678185745140,2134.9588744588700,16.21892008639310,-12.734514038876900
"Guilbeau, Taylor",91.00135135135140,91.41621621621630,2133.5135135135100,-15.895135135135100,-6.961621621621620
"Shoemaker, Matt",91.35567010309280,91.766323024055,2133.0103448275900,15.738969072164900,-10.736907216494800
"Garza Jr., Ralph",89.79370629370630,90.30139860139860,2132.86013986014,16.087552447552400,-0.34405594405594400
"Gibson, Kyle",92.91319495922910,92.25344699777610,2132.4621661721100,14.608865826538200,-9.07925871015567
"Nova, Iván",91.71315789473680,92.09912280701750,2132.2368421052600,16.529473684210500,-6.809473684210530
"Berríos, José",93.70798668885190,93.85998336106490,2131.7259816207200,16.110449251247900,-11.096505823627300
"Rodriguez, Eduardo",91.94540059347180,92.59198813056380,2131.3601190476200,-14.777804154302700,-9.906943620178040
"Junis, Jakob",89.41707317073170,90.7292682926829,2130.9506172839500,12.857560975609800,-8.89609756097561
"Holloway, Jordan",95.7938271604938,95.90123456790120,2130.864197530860,10.543703703703700,-14.576296296296300
"Castillo, Luis",95.5222428174235,97.35699721964780,2130.018639328980,17.6833734939759,-4.349582947173310
"Ramírez, Erasmo",91.83238095238100,91.56571428571430,2127.957142857140,14.964571428571400,-5.960571428571430
"Overton, Connor",90.85142857142860,91.13714285714290,2126.2,14.969142857142900,-12.490285714285700
"Alaniz, R.J.",91.8918918918919,92.79459459459460,2126.108108108110,16.887567567567600,-9.924324324324320
"Suter, Brent",88.81752577319590,87.8319587628866,2125.5876288659800,-9.624742268041240,-12.590103092783500
"Zimmer, Kyle",94.76666666666670,94.90000000000000,2125.3333333333300,6.32,-15.880000000000000
"Tanaka, Masahiro",91.47142857142860,91.62063492063490,2123.8571428571400,15.857142857142900,-10.419047619047600
"Lakins Sr., Travis",92.35,93.06000000000000,2123.4,14.640000000000000,-8.508
"Nola, Aaron",92.94141104294480,91.91042944785280,2122.5207373271900,17.48116564417180,-8.564723926380370
"Alexander, Tyler",90.11938997821360,90.34727668845320,2122.0349344978200,-14.361568627451000,-12.903790849673200
"Syndergaard, Noah",95.8,95.2,2121.6666666666700,13.620000000000000,-11.96
"Anderson, Tanner",91.35384615384620,91.88461538461540,2120.4615384615400,16.453846153846200,-3.6369230769230800
"Diekman, Jake",91.77573529411770,95.25882352941180,2120.2824427480900,-16.971176470588200,-8.327647058823530
"Senzatela, Antonio",94.39777777777780,94.54444444444450,2120.1555555555600,10.146666666666700,-12.712000000000000
"Anderson, Chase",89.99270833333330,91.58333333333330,2120.063157894740,12.74625,-16.052500000000000
"Lobstein, Kyle",90.64000000000000,91.39000000000000,2119.6,-17.856,-4.452
"Long, Sammy",91.91428571428570,92.38571428571430,2118.285714285710,-11.914285714285700,-17.725714285714300
"Ríos, Yacksel",97.16458333333330,97.32222222222220,2118.0833333333300,14.250833333333300,-13.214166666666700
"Crismatt, Nabil",90.84318181818180,89.61704545454550,2117.9375,14.287500000000000,-9.73977272727273
"Detmers, Reid",92.72380952380950,93.4,2117.190476190480,-10.468571428571400,-16.834285714285700
"Warren, Austin",91.9020408163265,93.55094339622640,2116.7708333333300,15.52754716981130,-8.49735849056604
"Chafin, Andrew",92.04565656565650,92.26949494949490,2116.4949083503100,-14.293333333333300,-13.193454545454500
"Topa, Justin",95.28098159509200,96.80245398773010,2115.8571428571400,17.669447852760700,-2.9146012269938700
"Bassitt, Chris",92.53495679497250,92.72890809112330,2115.6955835962100,16.19764336213670,-10.706959937156300
"Dugger, Robert",91.03478260869570,91.37246376811590,2115.2753623188400,15.619130434782600,-11.245217391304300
"Tarpley, Stephen",90.90560000000000,90.98240000000000,2114.24,-14.583360000000000,-3.410880000000000
"Kluber, Corey",90.00319767441860,90.74970930232560,2114.0117647058800,15.561627906976700,-8.600581395348840
"Garrett, Amir",94.45000000000000,93.96666666666670,2113.75,-17.03,-8.64
"Wood, Alex",90.41522094926350,91.73878887070380,2113.209958506220,-15.436006546644800,-11.890212765957400
"Guerra, Javy",97.58281938325990,97.98237885462560,2112.806167400880,15.912951541850200,-10.042466960352400
"Morin, Mike",92.64347826086960,91.98260869565220,2111.304347826090,15.30782608695650,-11.890434782608700
"Davidson, Tucker",93.05,92.95000000000000,2111.0,-8.7,-16.14
"Domínguez, Seranthony",94.85,95.55000000000000,2109.5,15.84,-9.18
"Tapia, Domingo",95.74716417910450,97.32000000000000,2109.135542168680,16.853373134328300,-8.906507462686570
"Greene, Shane",91.31628571428570,92.37485714285710,2108.6628571428600,16.236000000000000,-8.160342857142860
"Gray, Jon",94.15714285714280,93.98571428571430,2108.0,16.371428571428600,-12.017142857142900
"Happ, J.A.",88.89375000000000,89.12886904761910,2107.8675595238100,-13.656071428571400,-8.455178571428570
"Andriese, Matt",89.36857142857140,90.13000000000000,2106.385714285710,16.304571428571400,-7.3337142857142900
"McCullers Jr., Lance",93.4338620689655,93.95655172413800,2106.213250517600,13.912965517241400,-6.402289655172410
"Oswalt, Corey",92.96666666666670,91.88333333333330,2105.5,15.070000000000000,-11.270000000000000
"Reed, Cody",93.17874015748030,93.48661417322830,2104.9206349206300,-18.242834645669300,-5.432125984251970
"Díaz, Jairo",94.7236641221374,94.99465648854960,2104.5343511450400,12.822595419847300,-10.47114503816790
"Pérez, Oliver",89.94966442953020,89.81342281879200,2104.503355704700,-18.02013422818790,-7.531006711409400
"Coonrod, Sam",97.79138655462180,97.72142857142860,2104.185263157900,16.05201680672270,-10.446806722689100
"Murphy, Patrick",96.88571428571430,96.62857142857150,2103.5178571428600,13.136250000000000,-12.863035714285700
"Hill, Tim",89.75698324022350,90.68696461824950,2103.3958333333300,-17.90212290502790,2.206256983240220
"Hentges, Sam",93.86923076923080,93.03675213675210,2103.017094017090,-11.937435897435900,-9.064615384615390
"Bumgarner, Madison",90.20454545454540,89.86477272727270,2102.5454545454500,-13.809545454545500,-12.27136363636360
"Puk, A.J.",96.55423728813560,95.94576271186440,2102.101694915250,-17.05423728813560,-4.352542372881360
"Quantrill, Cal",95.05988857938720,94.43136899365370,2100.8681522748400,12.833798730734400,-13.794886672710800
"Szapucki, Thomas",93.60000000000000,93.2,2099.6666666666700,-11.8,-12.96
"Weathers, Ryan",92.62122186495180,93.7170418006431,2099.4565916398700,-14.68784565916400,-13.859035369774900
"Jefferies, Daulton",92.04403669724770,93.49633027522930,2099.4444444444400,16.303486238532100,-12.478899082568800
"Webb, Tyler",88.01612903225810,90.4682795698925,2097.4055555555600,-10.377419354838700,-16.80129032258060
"Mejía, J.C.",92.23017031630170,92.59099756691000,2096.788321167880,14.570510948905100,-2.1486131386861300
"Whitlock, Garrett",96.28088467614540,95.88072669826220,2096.483974358970,15.993554502369700,-11.680000000000000
"Foltynewicz, Mike",92.79380341880340,92.97649572649570,2096.2008547008500,16.365897435897400,-11.05897435897440
"Peacock, Brad",89.49166666666670,89.78125,2095.9791666666700,17.472500000000000,-8.915
"Corbin, Patrick",92.14982698961940,91.80726643598620,2095.91066782307,-13.802595155709300,-12.590449826989600
"Duplantier, Jon",82.6582089552239,90.96268656716420,2095.3333333333300,15.746865671641800,-11.91223880597020
"Almonte, Yency",94.90444444444440,93.86666666666670,2094.8,14.477333333333300,-7.581333333333340
"Godley, Zack",86.64000000000000,89.65636363636360,2093.3888888888900,14.229818181818200,-5.273454545454550
"Márquez, Germán",92.98994708994710,94.31772486772490,2093.1296296296300,12.856507936507900,-9.147619047619050
"Freeman, Sam",93.38723404255320,93.92978723404260,2093.127659574470,-11.954042553191500,-14.131914893617000
"Sherriff, Ryan",90.93800738007380,91.55387453874540,2092.82962962963,-17.934907749077500,-3.954686346863470
"Avilán, Luis",89.41546391752580,90.09278350515460,2092.340206185570,-15.71876288659790,-11.213195876288700
"Yajure, Miguel",90.79230769230770,91.00000000000000,2091.230769230770,16.63384615384620,-11.03076923076920
"Romero, JoJo",93.037,94.46600000000000,2090.88,-16.642800000000000,-8.5872
"Cederlind, Blake",99.0658536585366,98.24146341463420,2090.439024390240,17.3970731707317,-7.106341463414640
"Sánchez, Sixto",95.97266666666670,96.55866666666670,2090.153333333330,17.3384,-5.212800000000000
"Rogers, Taylor",94.45316973415130,95.27014314928420,2089.920245398770,-17.299877300613500,-7.446871165644170
"Rodriguez, Chris",94.64088050314470,95.8110062893082,2088.8829113924100,17.726037735849100,-8.344150943396220
"Hudson, Dakota",93.39224489795920,92.75836734693880,2088.85306122449,13.834285714285700,-10.380244897959200
"Romano, Sal",92.58023715415020,93.59328063241110,2088.7658730158700,16.388774703557300,-7.4988142292490100
"Bickford, Phil",92.1,90.75,2087.5,13.32,-9.36
"Arrieta, Jake",90.26969465648860,91.54870229007640,2087.489247311830,15.864549618320600,-8.865801526717550
"Ross, Joe",93.16085858585850,93.4483585858586,2087.48025477707,14.252727272727300,-10.407727272727300
"Kelly, Joe",96.8837837837838,97.4468468468468,2084.777777777780,15.862342342342300,-9.750990990991000
"Brice, Austin",91.88676470588230,93.2933823529412,2084.4632352941200,17.850882352941200,-0.8947058823529410
"DeSclafani, Anthony",94.21940035273370,94.11851851851850,2083.9148936170200,15.32529100529100,-11.257142857142900
"Sánchez, Aníbal",89.89404761904760,89.6797619047619,2082.7976190476200,12.402857142857100,-14.948571428571400
"Peterson, David",93.62239130434780,92.23195652173910,2081.4608695652200,-16.04713043478260,-11.75791304347830
"Houck, Tanner",87.77655677655680,92.62380952380950,2080.9884615384600,15.178901098901100,-0.08307692307692310
"Castano, Daniel",86.67200000000000,87.55,2080.7979797979800,-11.274000000000000,-10.224000000000000
"McKay, David",92.16,91.47,2080.3,12.48,-15.396000000000000
"Cordero, Jimmy",97.60106761565830,96.78256227758010,2079.874551971330,14.942775800711700,-10.190604982206400
"Strasburg, Stephen",92.98282828282830,91.75454545454550,2079.070707070710,15.295757575757600,-10.802424242424200
"Cruz, Jesús",90.60000000000000,91.33333333333330,2078.3333333333300,13.600000000000000,-17.04
"Mize, Casey",94.00468986384270,93.30015128593040,2077.898330804250,16.539848714069600,-8.888895612708020
"Kim, Kwang Hyun",89.92142857142860,88.98571428571430,2076.5714285714300,-8.185714285714290,-16.440000000000000
"Diaz, Jhonathan",89.80166666666670,90.06000000000000,2074.866666666670,-9.524,-15.424000000000000
"De León, José",94.40920634920630,93.64920634920630,2073.390476190480,10.644952380952400,-15.784761904761900
"Quintana, José",88.65490196078430,91.57176470588230,2072.8536585365900,-12.46258823529410,-15.162823529411800
"Cobb, Alex",91.54911937377690,92.59784735812130,2072.0127450980400,15.187514677103700,-12.546457925636000
"Alvarado, José",99.80860995850620,98.90041493775930,2071.451244813280,-14.33414937759340,-12.444273858921200
"Lynch, Daniel",93.81095890410960,93.17397260273970,2068.678082191780,-13.761369863013700,-12.988767123287700
"Sánchez, Cristopher",95.32432432432440,94.08108108108110,2065.261261261260,-17.35351351351350,-9.195675675675680
"Gsellman, Robert",93.69226519337020,93.71270718232040,2064.4060773480700,16.096906077348100,-9.444861878453040
"Stewart, Kohl",89.18222222222220,90.80111111111110,2061.965909090910,12.97333333333330,-7.832000000000000
"Wright Jr., Mike",90.42777777777780,90.09583333333330,2059.472222222220,15.55833333333330,-7.691666666666670
"Hernandez, Elieser",90.51333333333330,90.56000000000000,2058.0666666666700,13.664000000000000,-14.256
"Wacha, Michael",95.01645569620250,94.35569620253160,2057.1772151898700,13.338227848101300,-15.039493670886100
"Mayza, Tim",93.47785467128030,94.02318339100340,2056.9756944444400,-16.987681660899700,-8.958892733564020
"Petricka, Jake",95.35774647887320,93.44225352112680,2055.7042253521100,17.86140845070420,-8.775211267605630
"Santos, Antonio",93.84666666666670,94.10666666666670,2054.2,16.008,-11.584000000000000
"Gaviglio, Sam",88.44848484848490,87.96060606060610,2054.060606060610,14.745454545454500,-6.483636363636370
"Eflin, Zach",93.38177037686240,92.9728308501315,2053.908531222520,16.85752848378620,-7.729535495179670
"Emanuel, Kent",90.7433333333333,91.59000000000000,2053.741666666670,-17.317000000000000,-7.469000000000000
"de Geus, Brett",92.41374501992030,93.81075697211150,2053.740518962080,16.0599203187251,-6.485498007968130
"Patton, Spencer",91.90000000000000,92.14285714285710,2053.0,13.8,-14.314285714285700
"Naughton, Packy",89.82391304347830,90.62065217391300,2052.9239130434800,-15.106956521739100,-11.243478260869600
"Flaherty, Jack",92.125,91.58611111111110,2050.832402234640,11.82333333333330,-8.499333333333330
"Lester, Jon",88.22942307692310,87.79711538461540,2050.7842003853600,-12.576692307692300,-6.55523076923077
"Foley, Jason",96.15254237288140,95.68813559322030,2050.5169491525400,16.166440677966100,-7.653559322033900
"Roark, Tanner",90.1,90.44285714285710,2050.316964285710,11.725714285714300,-15.580714285714300
"Yardley, Eric",86.64622823984530,87.43017408123790,2049.6368932038800,16.792572533849100,6.548936170212770
"Bradley, Archie",94.4836909871245,93.90643776824040,2047.4334763948500,13.895897435897400,-13.437948717948700
"Houser, Adrian",93.96363109048720,93.50556844547560,2047.0214866434400,15.74450116009280,-7.650417633410670
"Peacock, Matt",85.83789237668170,93.36670403587440,2045.3520958083800,16.47188340807180,-5.825381165919280
"Detwiler, Ross",84.87025862068970,91.06767241379310,2044.6392694063900,-16.758620689655200,-9.710172413793110
"Chavez, Jesse",89.860736196319,91.14509202453990,2044.5931677018600,16.561467889908300,-8.488073394495410
"Dunning, Dane",90.59261744966440,90.60612416107380,2041.2259696458700,14.603255033557000,-6.743355704697990
"Anderson, Ian",95.15000000000000,94.16111111111110,2040.7777777777800,10.766666666666700,-17.59333333333330
"Underwood Jr., Duane",93.70967741935480,93.35403225806450,2038.0645161290300,14.253870967741900,-10.802903225806400
"Soroka, Mike",89.98064516129030,91.38548387096770,2037.6290322580600,15.406451612903200,-6.907741935483870
"García, Edgar",94.640206185567,94.23711340206190,2037.6082474226800,13.17649484536080,-11.429690721649500
"Albers, Andrew",87.99914529914530,88.2837606837607,2037.5641025641000,-13.292307692307700,-15.095384615384600
"Funkhouser, Kyle",95.63850364963500,95.4669708029197,2034.132110091740,14.509489051094900,-9.427007299270080
"Arihara, Kohei",87.54336283185840,90.1141592920354,2032.8440366972500,16.057699115044200,-11.440353982300900
"Suarez, José",90.5145299145299,91.52014925373140,2031.6293103448300,-13.3665671641791,-8.379402985074630
"Graterol, Brusdar",98.74433811802240,99.84577352472090,2030.4488817891400,14.536650717703400,-7.614928229665070
"Sanchez, Aaron",89.94666666666670,89.78555555555560,2030.1179775280900,16.164,-9.646000000000000
"Wade, Konner",88.52439024390250,90.02195121951220,2029.2560975609800,16.83219512195120,-7.567317073170730
"Machado, Andres",95.17021276595740,93.94680851063830,2029.1063829787200,12.630638297872300,-13.954468085106400
"Woodford, Jake",91.7119205298013,91.4942604856512,2029.0818584070800,12.814039735099300,-9.492450331125830
"Davies, Zach",87.78928379106080,88.11917070543890,2027.644204851750,14.509273021001600,-12.695056542811000
"Valdez, César",83.73529411764710,85.05588235294120,2025.5,17.38823529411770,1.7176470588235300
"Trivino, Lou",95.8948,95.80400000000000,2023.7329317269100,16.48464000000000,-9.864000000000000
"Jewell, Jake",94.43448275862070,93.72931034482760,2022.5344827586200,14.350344827586200,-8.633793103448270
"Miley, Wade",88.805,88.95500000000000,2021.825,-13.197000000000000,-12.951000000000000
"Reed, Jake",85.4509090909091,87.57272727272730,2021.3090909090900,15.615272727272700,3.3490909090909100
"Wilson, Bryse",93.3445205479452,92.82910958904110,2021.2020547945200,15.226438356164400,-9.073561643835610
"Skubal, Tarik",94.19329268292680,94.47591463414630,2020.7896341463400,-15.076829268292700,-11.604146341463400
"Carlton, Drew",88.84523809523810,89.58809523809520,2020.2380952381000,13.685714285714300,-11.685714285714300
"Finnegan, Kyle",96.06387154326490,95.42952720785020,2019.94375,11.30130240856380,-15.380231935771600
"Weber, Ryan",86.96143187066980,88.62263279445720,2014.0649651972200,18.623279445727500,-0.8400000000000000
"Walker, Taijuan",92.59433384379790,93.56523736600310,2014.0353846153800,15.46915773353750,-13.161408882082700
"Walden, Marcus",93.5876712328767,92.65753424657540,2013.4383561643800,8.577534246575340,-6.138082191780820
"López, Pablo",94.1905569007264,93.52978208232450,2011.6585956416500,15.855690072639200,-6.9501210653753
"Hicks, Jordan",96.66595744680850,99.23262411347520,2011.4306569343100,14.863829787234000,-12.453617021276600
"Harvey, Hunter",95.46666666666670,96.60000000000000,2011.0,14.600000000000000,-15.120000000000000
"Flaa, Jay",89.52000000000000,90.84000000000000,2009.8,10.992,-21.168
"Kuhl, Chad",93.80846774193550,93.94153225806450,2009.4541751527500,13.932822580645200,-11.47258064516130
"Hughes, Jared",91.52452830188680,91.30047169811320,2009.4245283018900,15.48169811320760,0.6379245283018860
"Dohy, Kyle",91.02727272727270,90.28181818181820,2008.8181818181800,-10.843636363636400,-15.458181818181800
"Gilbert, Tyler",88.58659793814430,89.4577319587629,2006.3917525773200,-14.975257731958800,-11.377731958762900
"Rodríguez, Joely",92.6865336658354,94.22842892768080,2006.0277078085600,-18.02244389027430,-5.9542144638404
"Bass, Anthony",94.99790660225440,95.10418679549120,2005.5557350565400,13.287149758454100,-14.2512077294686
"Keuchel, Dallas",86.90777126099710,87.60161290322580,2005.5468634686300,-14.124369501466300,-5.579208211143690
"Howard, Spencer",94.37777777777780,94.07037037037040,2003.4444444444400,14.724444444444400,-13.848888888888900
"Bummer, Aaron",94.13214285714290,95.3989417989418,2002.7430093209100,-15.130634920634900,-0.8174603174603170
"Poppen, Sean",94.33680555555560,94.1361111111111,1998.5,14.20583333333330,-6.755000000000000
"Sheffield, Justus",90.89817351598170,92.1364383561644,1998.4659926470600,-15.110465753424700,-7.881424657534250
"Pérez, Martín",91.31890243902440,92.58033536585370,1997.4447852760700,-16.81792682926830,-10.31506097560980
"Gilmartin, Sean",80.81428571428570,81.1952380952381,1997.4285714285700,-2.7371428571428600,-7.360000000000000
"Swarzak, Anthony",93.10000000000000,92.83333333333330,1996.6666666666700,14.8,-12.560000000000000
"Pazos, James",93.1066666666667,92.07,1994.9,-8.314666666666670,-10.202666666666700
"Hamels, Cole",87.96,87.94,1994.6,-17.64,-9.648
"Peguero, Elvis",96.45681818181820,96.18863636363640,1993.4545454545500,14.588181818181800,-7.325454545454550
"Blackburn, Paul",91.14853420195440,90.94820846905540,1992.469055374590,12.463192182410400,-11.02084690553750
"Covey, Dylan",91.46190476190480,92.00000000000000,1990.5238095238100,12.728571428571400,-8.965714285714290
"Fried, Max",93.52873051224950,93.28485523385300,1990.142538975500,-10.679198218262800,-10.180757238307300
"Castillo, Diego",93.36143790849680,95.38692810457520,1989.419213973800,17.89071895424840,-6.082091503267980
"Fairbanks, Pete",94.4142857142857,93.72857142857140,1989.0,12.908571428571400,-6.265714285714280
"Kaprielian, James",91.94841269841270,92.44523809523810,1988.611111111110,17.00761904761910,-9.8
"Ashby, Aaron",95.21894736842110,96.50157894736840,1986.3947368421100,-13.43873684210530,-7.070526315789470
"Britton, Zack",92.80034129692840,93.68703071672350,1985.6153846153800,-13.604436860068300,-5.0359044368600700
"Rondón, Héctor",95.42500000000000,95.33500000000000,1985.425,15.714000000000000,-11.361
"Speier, Gabe",92.226582278481,92.77088607594940,1984.6708860759500,-16.212151898734200,-5.998481012658230
"Bleier, Richard",89.96289424860850,89.7849721706865,1984.32156133829,-15.22285714285710,-3.745825602968460
"Suárez, Andrew",77.87272727272730,91.14090909090910,1984.0526315789500,-11.32909090909090,-12.381818181818200
"Rodríguez, Manuel",97.46942148760330,97.17272727272720,1982.8429752066100,13.19404958677690,-7.071074380165290
"Santiago, Héctor",76.65000000000000,88.47500000000000,1982.375,-17.490000000000000,-9.615
"Grotz, Zac",92.16728971962620,91.57850467289720,1980.8411214953300,14.599626168224300,-7.791028037383180
"Price, David",92.42268292682930,92.86000000000000,1978.3243902439000,-14.761463414634100,-10.024682926829300
"Castellanos, Humberto",88.22932862190820,90.25371024734980,1977.8848920863300,15.93159010600710,-3.527491166077740
"King, John",91.58049281314170,92.42874743326480,1971.701646090540,-15.859958932238200,-1.812813141683780
"Milner, Hoby",87.50795454545460,88.66278409090910,1970.9884726224800,-15.21681818181820,-6.677727272727270
"Manaea, Sean",93.0635522256501,91.78951079770820,1970.9624558303900,-13.502617893345100,-11.8677831643896
"Hart, Kyle",90.28571428571430,89.90571428571430,1970.4285714285700,-13.02857142857140,-12.514285714285700
"Martínez, Carlos",89.99576271186440,91.4084745762712,1967.7659574468100,16.059152542372900,-3.402711864406780
"Ramirez, Nick",88.3577464788732,89.59929577464790,1966.105633802820,-16.879436619718300,-8.307887323943660
"Vasquez, Andrew",91.7,91.1,1964.0,-13.440000000000000,0.24
"Criswell, Cooper",87.6,87.20500000000000,1962.3,15.588,-2.6820000000000000
"Kintzler, Brandon",92.25943952802360,91.77064896755170,1962.1991150442500,15.826902654867300,-10.021769911504400
"McCaughan, Darren",88.72121212121210,87.9590909090909,1961.2727272727300,11.692727272727300,-7.840000000000000
"Sampson, Adrian",92.04123376623370,91.8337662337662,1960.7889610389600,13.221818181818200,-12.271948051948100
"Barrett, Aaron",88.89285714285710,89.77142857142860,1959.5714285714300,15.608571428571400,-9.60857142857143
"Waguespack, Jacob",91.85151515151510,91.15454545454550,1956.7878787878800,10.10909090909090,-16.120000000000000
"Jeffress, Jeremy",92.96694915254240,93.08559322033900,1956.5811965812000,16.153220338983000,-8.973559322033900
"Flores Jr., Bernardo",89.72857142857140,88.47142857142860,1953.5714285714300,-8.262857142857140,-16.525714285714300
"Williams, Trevor",90.08566176470580,89.32500000000000,1953.5036764705900,13.116176470588200,-6.197205882352940
"McFarland, T.J.",87.43136915077980,88.75164644714040,1953.4756944444400,-16.60235294117650,0.11439446366782000
"Garrett, Braxton",89.18387096774190,89.10860215053760,1950.8817204301100,-13.180645161290300,-12.189677419354800
"Perdomo, Luis",93.63008849557520,93.92389380530970,1950.4336283185800,15.628672566371700,-8.672920353982300
"Slegers, Aaron",92.27480106100790,91.54456233421750,1950.2533333333300,15.271511936339500,-6.993421750663130
"Brault, Steven",90.87354838709680,90.93806451612910,1949.4313725490200,-14.773161290322600,-7.304516129032260
"Llovera, Mauricio",92.75238095238100,93.29047619047620,1948.095238095240,11.291428571428600,-11.800000000000000
"López, Jorge",94.85621242484980,94.85721442885770,1947.6656626506000,16.04284569138280,-10.377955911823600
"Hildenberger, Trevor",87.4111111111111,88.84444444444440,1944.2222222222200,15.840000000000000,4.1111111111111100
"Ryu, Hyun Jin",89.50000000000000,88.9358208955224,1944.1119402985100,-15.820298507462700,-9.856119402985070
"Tate, Dillon",95.14265734265740,95.27482517482520,1942.4307692307700,16.532979020979000,-4.9582657342657300
"Dobnak, Randy",90.16100386100390,91.53732303732310,1940.8279430789100,15.63212355212360,0.5363706563706560
"Eaton, Adam",85.25,86.25,1940.5,-11.34,-14.700000000000000
"Camarena, Daniel",92.33275862068970,92.69310344827590,1938.1896551724100,-12.281379310344800,-14.160000000000000
"Thompson, Ryan",90.9361224489796,90.86204081632650,1937.5717213114800,16.611428571428600,6.4008979591836700
"Nicasio, Juan",93.63225806451620,93.53548387096770,1936.8709677419400,9.747096774193550,-12.789677419354800
"Sharp, Sterling",89.332,88.25600000000000,1936.72,13.491200000000000,-2.5328
"Rogers, Tyler",81.91538461538460,82.78750000000000,1931.826923076920,8.596153846153850,5.814230769230770
"Manning, Matt",94.80642570281130,93.65742971887550,1929.1164658634500,9.907469879518070,-14.792289156626500
"Clay, Sam",91.03484848484850,92.34412878787880,1926.2927756654000,-15.670454545454500,-6.73045454545455
"Blewett, Scott",93.97297297297300,92.25675675675680,1923.081081081080,11.562162162162200,-13.543783783783800
"Espino, Paolo",89.65,89.25,1918.5,16.260000000000000,-10.32
"Crichton, Stefan",89.7008230452675,91.58518518518520,1914.020920502090,17.154814814814800,-8.0279012345679
"Mills, Wyatt",93.09189189189190,92.36486486486480,1913.6216216216200,18.425945945945900,-1.8227027027027000
"Webb, Logan",90.85795564127290,92.65718418514950,1913.5777998017800,15.505573770491800,-0.7567984570877530
"Davidson, Matt",83.95666666666670,84.21666666666670,1911.4333333333300,10.700000000000000,-15.056
"Northcraft, Aaron",86.8988372093023,87.93953488372090,1910.9883720930200,10.925581395348800,8.920465116279070
"Rowen, Ben",78.49450549450550,79.68241758241760,1891.8791208791200,9.083076923076920,9.659340659340660
"Sandoval, Patrick",92.34169741697420,93.25350553505540,1889.4814814814800,-12.15232472324720,-13.133579335793400
"Irvin, Cole",89.89790874524720,90.50247148288980,1888.1548757170200,-14.289581749049400,-12.477490494296600
"LeBlanc, Wade",87.23846153846150,87.44692307692310,1885.176923076920,-15.03,-10.67815384615390
"Yarbrough, Ryan",86.59720767888310,86.81605584642230,1885.0280701754400,-14.25968586387440,-11.703455497382200
"Smith, Joe",85.83132530120480,85.71526104417670,1882.710843373490,15.794216867469900,8.140240963855420
"McCarthy, Kevin",91.17000000000000,90.042,1882.18,14.2752,-5.4792
"Doyle, Tommy",94.94615384615380,94.93846153846150,1877.8461538461500,12.212307692307700,-12.567692307692300
"Fedde, Erick",94.57228300510580,93.74478482859230,1871.8014598540100,10.202450765864300,-9.87789934354486
"Claudio, Alex",83.50990415335460,85.52875399361020,1853.6623794212200,-16.763578274760400,3.454313099041530
"Suárez, Ranger",92.70068399452810,92.92558139534890,1848.8454172366600,-15.754473324213400,-7.863036935704520
"Koerner, Brody",90.62173913043480,89.53478260869570,1845.304347826090,14.650434782608700,-7.1530434782608700
"Miller, Andrew",89.45362318840580,89.36159420289850,1839.3676470588200,-15.707826086956500,-4.480869565217390
"Hendricks, Kyle",86.20411392405070,87.32329113924050,1837.5841836734700,13.384556962025300,-9.376632911392410
"Barnes, Charlie",88.82664359861600,89.75155709342560,1827.9238754325300,-13.826159169550200,-9.0240830449827
"Montgomery, Mike",89.81333333333330,90.20000000000000,1822.5333333333300,-13.872,-9.784
"Eshelman, Thomas",85.88120805369130,86.6258389261745,1820.6881355932200,10.56241610738260,-11.71852348993290
"Rodriguez, Nivaldo",89.92500000000000,90.55714285714290,1820.1785714285700,16.32857142857140,-5.3914285714285700
"Mazza, Chris",91.95914893617020,91.14212765957450,1818.7276595744700,17.60170212765960,-4.517106382978720
"Fleming, Josh",90.96866791744840,91.09437148217640,1810.6065727699500,-18.135872420262700,-4.435046904315200
"Rosario, Randy",77.63823529411770,91.74411764705880,1797.5862068965500,-13.648235294117600,-1.927058823529410
"Peralta, Wily",93.25500000000000,94.03270833333330,1797.5,11.465250000000000,-13.747000000000000
"Ryan, Kyle",86.6181318681319,87.79780219780220,1793.8932584269700,-9.317802197802200,-4.7472527472527500
"Anderson, Brett",85.45801047120420,89.29675392670150,1790.7135076252700,-14.63434554973820,-10.171476439790600
"Falter, Bailey",93.54137931034480,91.26206896551720,1759.344827586210,-9.980689655172410,-15.703448275862100
"Grace, Matt",90.0,90.3,1745.0,-18.0,-8.76
"Allen, Logan",89.47272727272730,90.04545454545460,1688.2727272727300,-12.752727272727300,-8.618181818181820
"Jurado, Ariel",90.74347826086960,90.72608695652180,1640.2608695652200,15.500869565217400,-5.415652173913040
"Knebel, Corey",0.0,93.8,,9.960000000000000,-16.32